Spectrum	Spectrum File	Peptide	Modified Peptide	Prev AA	Next AA	Peptide Length	Charge	Retention	Observed Mass	Calibrated Observed Mass	Observed M/Z	Calibrated Observed M/Z	Calculated Peptide Mass	Calculated M/Z	Delta Mass	SpectralSim	RTScore	Expectation	Hyperscore	Nextscore	PeptideProphet Probability	Number of Enzymatic Termini	Number of Missed Cleavages	Protein Start	Protein End	Intensity	Assigned Modifications	Observed Modifications	Is Unique	Protein	Protein ID	Entry Name	Gene	Protein Description	Mapped Genes	Mapped Proteins
OB_CONTROLE_20121128_04.01490.01490.2	N:\BC_Bianca_Barros\corrida_fragpipe_28022023\fragpipe_amanda_28022023\CONTROL_02\interact-OB_CONTROLE_20121128_04.pep.xml	YVTTSTRTY		S	S	9	2	1643.7370	1090.5278	1090.5278	546.2712	546.2712	1090.5294	546.2720	-0.0015	0.8910	-0.7331	1.06700000000000	13.3880	0.0000	0.9781	0	0	30	38	1773991.8			true	sp|P20152|VIME_MOUSE	P20152	VIME_MOUSE	Vim	Vimentin		
OB_CONTROLE_20121128_04.01668.01668.2	N:\BC_Bianca_Barros\corrida_fragpipe_28022023\fragpipe_amanda_28022023\CONTROL_02\interact-OB_CONTROLE_20121128_04.pep.xml	GMTGYGMPRQI	GM[147]TGYGM[147]PRQI	A	M	11	2	1818.1077	1241.5522	1241.5522	621.7834	621.7834	1241.5531	621.7838	-0.0008	0.7849	-0.6029	0.09512000000000	12.5870	6.9800	0.9784	0	0	188	198	2101086.0	2M(15.9949),7M(15.9949)		false	sp|Q9WVA4|TAGL2_MOUSE	Q9R1Q8	TAGL3_MOUSE	Tagln3	Transgelin-3	Tagln2	sp|Q9R1Q8|TAGL3_MOUSE
OB_CONTROLE_20121128_04.01714.01714.2	N:\BC_Bianca_Barros\corrida_fragpipe_28022023\fragpipe_amanda_28022023\CONTROL_02\interact-OB_CONTROLE_20121128_04.pep.xml	TNTAPSKLPSNSV		L	Y	13	2	1856.2421	1314.6743	1314.6743	658.3444	658.3444	1314.6779	658.3462	-0.0035	0.7992	-0.7537	0.29840000000000	14.6010	0.0000	0.9787	0	0	319	331	0			true	sp|Q8VCF0|MAVS_MOUSE	Q8VCF0	MAVS_MOUSE	Mavs	Mitochondrial antiviral-signaling protein		
OB_CONTROLE_20121128_04.01764.01764.2	N:\BC_Bianca_Barros\corrida_fragpipe_28022023\fragpipe_amanda_28022023\CONTROL_02\interact-OB_CONTROLE_20121128_04.pep.xml	ILNHPGQISAG		I	Y	11	2	1902.1266	1105.5822	1105.5822	553.7984	553.7984	1105.5879	553.8012	-0.0057	0.7568	-0.7629	0.02635000000000	20.8220	14.1310	0.9914	0	0	346	356	667903.56			false	sp|P10126|EF1A1_MOUSE	P10126	EF1A1_MOUSE	Eef1a1	Elongation factor 1-alpha 1	Eef1a2	sp|P62631|EF1A2_MOUSE
OB_CONTROLE_20121128_04.01795.01795.2	N:\BC_Bianca_Barros\corrida_fragpipe_28022023\fragpipe_amanda_28022023\CONTROL_02\interact-OB_CONTROLE_20121128_04.pep.xml	TSGGAGGLGSLR		R	S	12	2	1928.9301	1031.5350	1031.5350	516.7748	516.7748	1031.5359	516.7752	-0.0008	0.8647	-0.7414	0.00000627600000	27.5170	10.3750	0.9986	0	0	59	70	191632.4			true	sp|P31001|DESM_MOUSE	P31001	DESM_MOUSE	Des	Desmin		
OB_CONTROLE_20121128_04.01806.01806.2	N:\BC_Bianca_Barros\corrida_fragpipe_28022023\fragpipe_amanda_28022023\CONTROL_02\interact-OB_CONTROLE_20121128_04.pep.xml	SDYPPLGR		F	F	8	2	1940.8271	903.4419	903.4419	452.7282	452.7282	903.4450	452.7298	-0.0031	0.8281	-0.5394	0.03607000000000	17.2330	8.4190	0.9876	0	0	416	423	2006757.6			true	sp|P10126|EF1A1_MOUSE	P10126	EF1A1_MOUSE	Eef1a1	Elongation factor 1-alpha 1		
OB_CONTROLE_20121128_04.01920.01920.2	N:\BC_Bianca_Barros\corrida_fragpipe_28022023\fragpipe_amanda_28022023\CONTROL_02\interact-OB_CONTROLE_20121128_04.pep.xml	SLGSALRPST		Y	S	10	2	2034.0411	987.5333	987.5333	494.7739	494.7739	987.5349	494.7747	-0.0015	0.9159	-0.7307	0.00940700000000	22.9610	12.9680	0.9942	0	0	39	48	4781902.5			true	sp|P20152|VIME_MOUSE	P20152	VIME_MOUSE	Vim	Vimentin		
OB_CONTROLE_20121128_04.01951.01951.2	N:\BC_Bianca_Barros\corrida_fragpipe_28022023\fragpipe_amanda_28022023\CONTROL_02\interact-OB_CONTROLE_20121128_04.pep.xml	ATTLAERSTGLA		K	F	12	2	2056.0702	1189.6261	1189.6261	595.8203	595.8203	1189.6301	595.8223	-0.0040	0.7414	-0.7338	0.00017150000000	21.6430	10.9330	0.9962	0	0	39	50	1353174.9			true	sp|P19324|SERPH_MOUSE	P19324	SERPH_MOUSE	Serpinh1	Serpin H1		
OB_CONTROLE_20121128_04.01962.01962.2	N:\BC_Bianca_Barros\corrida_fragpipe_28022023\fragpipe_amanda_28022023\CONTROL_02\interact-OB_CONTROLE_20121128_04.pep.xml	SSTTTLTTPQNQVDM	SSTTTLTTPQNQVDM[147]	M	L	15	2	2062.4485	1638.7380	1638.7380	820.3763	820.3763	1638.7406	820.3776	-0.0025	0.8025	-0.1406	0.00204100000000	23.0810	0.0000	0.9827	0	0	137	151	266816.56	15M(15.9949)		false	sp|Q99LU0|CH1B1_MOUSE	Q99LU0	CH1B1_MOUSE	Chmp1b1	Charged multivesicular body protein 1b-1	Chmp1b2	sp|Q9CQD4|CH1B2_MOUSE
OB_CONTROLE_20121128_04.02200.02200.4	N:\BC_Bianca_Barros\corrida_fragpipe_28022023\fragpipe_amanda_28022023\CONTROL_02\interact-OB_CONTROLE_20121128_04.pep.xml	GTRRHLYDPKLGTDQPLDQAT		Y	I	21	4	2237.3929	2381.2020	2381.2020	596.3078	596.3078	2381.2087	596.3095	-0.0068	0.2125	-0.6318	0.27370000000000	15.2920	8.9480	0.9875	0	0	183	203	1184007.2			true	sp|Q08091|CNN1_MOUSE	Q08091	CNN1_MOUSE	Cnn1	Calponin-1		
OB_CONTROLE_20121128_04.02428.02428.2	N:\BC_Bianca_Barros\corrida_fragpipe_28022023\fragpipe_amanda_28022023\CONTROL_02\interact-OB_CONTROLE_20121128_04.pep.xml	SGDAAIVDMVPGKPM	SGDAAIVDM[147]VPGKPM[147]	K	C	15	2	2379.3390	1518.6974	1518.6974	760.3560	760.3560	1518.7057	760.3601	-0.0083	0.6652	-0.7574	0.13900000000000	16.4450	0.0000	0.9871	0	0	396	410	0	15M(15.9949),9M(15.9949)		true	sp|P10126|EF1A1_MOUSE	P10126	EF1A1_MOUSE	Eef1a1	Elongation factor 1-alpha 1		
OB_CONTROLE_20121128_04.02644.02644.3	N:\BC_Bianca_Barros\corrida_fragpipe_28022023\fragpipe_amanda_28022023\CONTROL_02\interact-OB_CONTROLE_20121128_04.pep.xml	SVVMGTKDTVTTGLTGAMNVAK	SVVM[147]GTKDTVTTGLTGAM[147]NVAK	K	G	22	3	2495.7022	2212.1045	2212.1045	738.3754	738.3754	2212.1077	738.3765	-0.0031	0.8574	-0.7704	0.00000080760000	31.9390	12.2050	0.9994	0	0	257	278	1862578.4	18M(15.9949),4M(15.9949)		true	sp|O88492|PLIN4_MOUSE	O88492	PLIN4_MOUSE	Plin4	Perilipin-4		
OB_CONTROLE_20121128_04.02683.02683.3	N:\BC_Bianca_Barros\corrida_fragpipe_28022023\fragpipe_amanda_28022023\CONTROL_02\interact-OB_CONTROLE_20121128_04.pep.xml	TQRIVAPPGGRANITSLG		T	-	18	3	2515.6188	1807.0005	1807.0005	603.3408	603.3408	1807.0063	603.3427	-0.0058	0.8805	-0.7016	0.00000026400000	32.2870	11.7840	0.9990	0	0	555	572	2.4953524E7			true	sp|O08553|DPYL2_MOUSE	O08553	DPYL2_MOUSE	Dpysl2	Dihydropyrimidinase-related protein 2		
OB_CONTROLE_20121128_04.02791.02791.2	N:\BC_Bianca_Barros\corrida_fragpipe_28022023\fragpipe_amanda_28022023\CONTROL_02\interact-OB_CONTROLE_20121128_04.pep.xml	ILNHPGQISAGYAP		I	V	14	2	2575.7459	1436.7461	1436.7461	719.3803	719.3803	1436.7411	719.3778	0.0050	0.6197	-0.5091	0.02591000000000	18.2170	8.2610	0.9882	0	0	346	359	4392234.0			true	sp|P10126|EF1A1_MOUSE	P10126	EF1A1_MOUSE	Eef1a1	Elongation factor 1-alpha 1		
OB_CONTROLE_20121128_04.02793.02793.3	N:\BC_Bianca_Barros\corrida_fragpipe_28022023\fragpipe_amanda_28022023\CONTROL_02\interact-OB_CONTROLE_20121128_04.pep.xml	FDVVAAKKAQDVIS		M	N	14	3	2576.4369	1489.8190	1489.8190	497.6136	497.6136	1489.8140	497.6119	0.0050	0.5710	-0.7061	0.01022000000000	24.3840	15.4190	0.9878	0	0	1139	1152	3098251.8			true	tr|A0A571BF58|A0A571BF58_MOUSE	A0A571BF58	A0A571BF58_MOUSE	Neb	Nebulin		
OB_CONTROLE_20121128_04.02848.02848.2	N:\BC_Bianca_Barros\corrida_fragpipe_28022023\fragpipe_amanda_28022023\CONTROL_02\interact-OB_CONTROLE_20121128_04.pep.xml	SAGDGFKANLV		S	F	11	2	2611.6289	1077.5449	1077.5449	539.7797	539.7797	1077.5454	539.7800	-0.0004	0.6658	-0.6661	0.00259400000000	16.0310	9.9510	0.9829	0	0	426	436	3327097.5			true	sp|P32020|SCP2_MOUSE	P32020	SCP2_MOUSE	Scp2	Sterol carrier protein 2		
OB_CONTROLE_20121128_04.03001.03001.2	N:\BC_Bianca_Barros\corrida_fragpipe_28022023\fragpipe_amanda_28022023\CONTROL_02\interact-OB_CONTROLE_20121128_04.pep.xml	SGQSLTDRI	n[43]SGQSLTDRI	M	T	9	2	2683.8390	1017.5049	1017.5049	509.7597	509.7597	1017.5091	509.7618	-0.0042	0.9343	-0.7714	1.60400000000000	13.1720	11.4970	0.9801	0	0	2	10	1964112.5	N-term(42.0106)		true	sp|Q7M6Y3|PICAL_MOUSE	Q7M6Y3	PICAL_MOUSE	Picalm	Phosphatidylinositol-binding clathrin assembly protein		
OB_CONTROLE_20121128_04.03011.03011.2	N:\BC_Bianca_Barros\corrida_fragpipe_28022023\fragpipe_amanda_28022023\CONTROL_02\interact-OB_CONTROLE_20121128_04.pep.xml	SGQSLTDRITA	n[43]SGQSLTDRITA	M	A	11	2	2688.5416	1189.5914	1189.5914	595.8030	595.8030	1189.5939	595.8042	-0.0024	0.6492	-0.6966	0.00792400000000	18.9960	8.8770	0.9893	0	0	2	12	4034111.2	N-term(42.0106)		true	sp|Q7M6Y3|PICAL_MOUSE	Q7M6Y3	PICAL_MOUSE	Picalm	Phosphatidylinositol-binding clathrin assembly protein		
OB_CONTROLE_20121128_04.03021.03021.3	N:\BC_Bianca_Barros\corrida_fragpipe_28022023\fragpipe_amanda_28022023\CONTROL_02\interact-OB_CONTROLE_20121128_04.pep.xml	SGLPRPSAPSAGGIPVPR		R	S	18	3	2692.5885	1714.9427	1714.9427	572.6548	572.6548	1714.9478	572.6565	-0.0050	0.7892	-0.6874	1.60200000000000	11.6810	0.0000	0.9885	0	0	534	551	5190850.0			true	sp|Q8CI08|SLAI2_MOUSE	Q8CI08	SLAI2_MOUSE	Slain2	SLAIN motif-containing protein 2		
OB_CONTROLE_20121128_04.03026.03026.2	N:\BC_Bianca_Barros\corrida_fragpipe_28022023\fragpipe_amanda_28022023\CONTROL_02\interact-OB_CONTROLE_20121128_04.pep.xml	TYSLGSALRPST		R	S	12	2	2694.8990	1251.6412	1251.6412	626.8279	626.8279	1251.6459	626.8302	-0.0046	0.7306	-0.7092	0.00000351400000	29.9820	11.0360	0.9985	0	0	37	48	1.3684926E7			true	sp|P20152|VIME_MOUSE	P20152	VIME_MOUSE	Vim	Vimentin		
OB_CONTROLE_20121128_04.03061.03061.3	N:\BC_Bianca_Barros\corrida_fragpipe_28022023\fragpipe_amanda_28022023\CONTROL_02\interact-OB_CONTROLE_20121128_04.pep.xml	GMTVYGLPRQVYDPK	GM[147]TVYGLPRQVYDPK	R	Y	15	3	2711.7293	1738.8593	1738.8593	580.6270	580.6270	1738.8711	580.6310	-0.0118	0.7324	-0.5209	0.37940000000000	12.9030	0.0000	0.9829	0	0	257	271	7447375.0	2M(15.9949)		true	sp|Q08091|CNN1_MOUSE	Q08091	CNN1_MOUSE	Cnn1	Calponin-1		
OB_CONTROLE_20121128_04.03092.03092.2	N:\BC_Bianca_Barros\corrida_fragpipe_28022023\fragpipe_amanda_28022023\CONTROL_02\interact-OB_CONTROLE_20121128_04.pep.xml	FSSLMNLEEKPAPAA	FSSLM[147]NLEEKPAPAA	F	K	15	2	2730.9859	1619.7942	1619.7942	810.9044	810.9044	1619.7864	810.9005	0.0078	0.7720	-0.6255	1.27800000000000	13.0740	0.0000	0.9849	0	0	87	101	7646936.0	5M(15.9949)		true	sp|P09813|APOA2_MOUSE	P09813	APOA2_MOUSE	Apoa2	Apolipoprotein A-II		
OB_CONTROLE_20121128_04.03153.03153.2	N:\BC_Bianca_Barros\corrida_fragpipe_28022023\fragpipe_amanda_28022023\CONTROL_02\interact-OB_CONTROLE_20121128_04.pep.xml	RVFTTQELVQA		Y	F	11	2	2763.6328	1290.6870	1290.6870	646.3508	646.3508	1290.6931	646.3538	-0.0061	0.6254	-0.7704	0.69830000000000	14.1440	0.0000	0.9826	0	0	224	234	3216772.5			true	sp|Q8BK64|AHSA1_MOUSE	Q8BK64	AHSA1_MOUSE	Ahsa1	Activator of 90 kDa heat shock protein ATPase homolog 1		
OB_CONTROLE_20121128_04.03171.03171.2	N:\BC_Bianca_Barros\corrida_fragpipe_28022023\fragpipe_amanda_28022023\CONTROL_02\interact-OB_CONTROLE_20121128_04.pep.xml	TLLASEEAIAASK		K	Q	13	2	2771.5188	1302.7003	1302.7003	652.3574	652.3574	1302.7030	652.3588	-0.0026	0.8588	-0.7108	0.00000421400000	32.6170	15.9280	0.9982	0	0	181	193	5537549.0			true	sp|Q62234|MYOM1_MOUSE	Q62234	MYOM1_MOUSE	Myom1	Myomesin-1		
OB_CONTROLE_20121128_04.03206.03206.3	N:\BC_Bianca_Barros\corrida_fragpipe_28022023\fragpipe_amanda_28022023\CONTROL_02\interact-OB_CONTROLE_20121128_04.pep.xml	SVVMGTKDTVTTGLTGAVNVAK	SVVM[147]GTKDTVTTGLTGAVNVAK	K	G	22	3	2787.3803	2164.1345	2164.1345	722.3854	722.3854	2164.1409	722.3876	-0.0063	0.7674	-0.6913	0.00026720000000	20.3540	17.5540	0.9959	0	0	224	245	2485289.2	4M(15.9949)		true	sp|O88492|PLIN4_MOUSE	O88492	PLIN4_MOUSE	Plin4	Perilipin-4		
OB_CONTROLE_20121128_04.03233.03233.3	N:\BC_Bianca_Barros\corrida_fragpipe_28022023\fragpipe_amanda_28022023\CONTROL_02\interact-OB_CONTROLE_20121128_04.pep.xml	TVPVGRVETGVLKPGMVVT	TVPVGRVETGVLKPGM[147]VVT	G	F	19	3	2799.7416	1954.0857	1954.0857	652.3692	652.3692	1954.0920	652.3713	-0.0063	0.8509	-0.6620	0.13190000000000	16.9960	9.4660	0.9923	0	0	261	279	1.0776367E7	16M(15.9949)		true	sp|P10126|EF1A1_MOUSE	P10126	EF1A1_MOUSE	Eef1a1	Elongation factor 1-alpha 1		
OB_CONTROLE_20121128_04.03250.03250.3	N:\BC_Bianca_Barros\corrida_fragpipe_28022023\fragpipe_amanda_28022023\CONTROL_02\interact-OB_CONTROLE_20121128_04.pep.xml	AVGKVIPELNGKLTG		K	M	15	3	2806.7509	1494.8702	1494.8702	499.2973	499.2973	1494.8768	499.2995	-0.0065	0.8113	-0.7421	0.00044150000000	22.7100	12.0250	0.9950	0	0	214	228	9884852.0			false	sp|P16858|G3P_MOUSE	P16858	G3P_MOUSE	Gapdh	Glyceraldehyde-3-phosphate dehydrogenase	Gm10358, Gm3839	tr|A0A1D5RLD8|A0A1D5RLD8_MOUSE, tr|S4R1W1|S4R1W1_MOUSE
OB_CONTROLE_20121128_04.03280.03280.2	N:\BC_Bianca_Barros\corrida_fragpipe_28022023\fragpipe_amanda_28022023\CONTROL_02\interact-OB_CONTROLE_20121128_04.pep.xml	SVTDYKRLLDSGAP		I	H	14	2	2819.2881	1520.7909	1520.7909	761.4027	761.4027	1520.7833	761.3989	0.0075	0.7556	-0.5680	6.73700000000000	8.4940	0.0000	0.9788	0	0	337	350	2678210.8			true	sp|A2BDX3|MOCS3_MOUSE	A2BDX3	MOCS3_MOUSE	Mocs3	Adenylyltransferase and sulfurtransferase MOCS3		
OB_CONTROLE_20121128_04.03341.03341.2	N:\BC_Bianca_Barros\corrida_fragpipe_28022023\fragpipe_amanda_28022023\CONTROL_02\interact-OB_CONTROLE_20121128_04.pep.xml	TAVTTVPSMGIGLVK	TAVTTVPSM[147]GIGLVK	K	G	15	2	2846.5477	1488.8174	1488.8174	745.4160	745.4160	1488.8220	745.4183	-0.0046	0.7794	-0.5456	0.06392000000000	18.9950	12.8360	0.9870	0	0	69	83	2.1690452E7	9M(15.9949)		true	sp|Q9DAM7|TM263_MOUSE	Q9DAM7	TM263_MOUSE	Tmem263	Transmembrane protein 263		
OB_CONTROLE_20121128_04.03345.03345.2	N:\BC_Bianca_Barros\corrida_fragpipe_28022023\fragpipe_amanda_28022023\CONTROL_02\interact-OB_CONTROLE_20121128_04.pep.xml	NVRAIQANINIPMG	NVRAIQANINIPM[147]G	S	A	14	2	2848.6873	1525.7986	1525.7986	763.9066	763.9066	1525.8033	763.9089	-0.0047	0.8847	-0.6336	0.12990000000000	17.0450	0.0000	0.9873	0	0	8	21	5613231.5	13M(15.9949)		true	sp|Q9DC77|SMPX_MOUSE	Q9DC77	SMPX_MOUSE	Smpx	Small muscular protein		
OB_CONTROLE_20121128_04.03381.03381.2	N:\BC_Bianca_Barros\corrida_fragpipe_28022023\fragpipe_amanda_28022023\CONTROL_02\interact-OB_CONTROLE_20121128_04.pep.xml	SVAGKLSVFANG		R	V	12	2	2864.4855	1148.6140	1148.6140	575.3143	575.3143	1148.6189	575.3167	-0.0048	0.9232	-0.7437	0.00142100000000	22.7400	10.3800	0.9965	0	0	501	512	4009966.2			true	sp|Q9D8S3|ARFG3_MOUSE	Q9D8S3	ARFG3_MOUSE	Arfgap3	ADP-ribosylation factor GTPase-activating protein 3		
OB_CONTROLE_20121128_04.03467.03467.2	N:\BC_Bianca_Barros\corrida_fragpipe_28022023\fragpipe_amanda_28022023\CONTROL_02\interact-OB_CONTROLE_20121128_04.pep.xml	ASSLGLVSLGGKATTASQ		V	A	18	2	2907.6996	1646.8800	1646.8800	824.4473	824.4473	1646.8838	824.4492	-0.0037	0.7089	-0.7210	0.00000104300000	28.8370	14.6750	0.9978	0	0	74	91	1922882.0			true	sp|P19324|SERPH_MOUSE	P19324	SERPH_MOUSE	Serpinh1	Serpin H1		
OB_CONTROLE_20121128_04.03546.03546.2	N:\BC_Bianca_Barros\corrida_fragpipe_28022023\fragpipe_amanda_28022023\CONTROL_02\interact-OB_CONTROLE_20121128_04.pep.xml	TIQGQYAIPQPDLTK		Y	L	15	2	2956.8533	1671.8864	1671.8864	836.9505	836.9505	1671.8830	836.9488	0.0033	0.8327	-0.7455	0.58130000000000	16.0170	13.0920	0.9871	0	0	227	241	970017.9			true	sp|Q61990|PCBP2_MOUSE	Q61990	PCBP2_MOUSE	Pcbp2	Poly(rC)-binding protein 2		
OB_CONTROLE_20121128_04.03553.03553.2	N:\BC_Bianca_Barros\corrida_fragpipe_28022023\fragpipe_amanda_28022023\CONTROL_02\interact-OB_CONTROLE_20121128_04.pep.xml	ASSLGLVSLGGKATTASQA		V	K	19	2	2960.5533	1717.9156	1717.9156	859.9651	859.9651	1717.9209	859.9677	-0.0052	0.5949	-0.7372	0.00001224000000	29.1560	9.8770	0.9974	0	0	74	92	3254863.0			true	sp|P19324|SERPH_MOUSE	P19324	SERPH_MOUSE	Serpinh1	Serpin H1		
OB_CONTROLE_20121128_04.03574.03574.2	N:\BC_Bianca_Barros\corrida_fragpipe_28022023\fragpipe_amanda_28022023\CONTROL_02\interact-OB_CONTROLE_20121128_04.pep.xml	NFGFGDSRGGGGNF		G	G	14	2	2972.7082	1387.5872	1387.5872	694.8009	694.8009	1387.5905	694.8025	-0.0033	0.9681	-0.5338	0.06193000000000	18.6600	11.7020	0.9879	0	0	206	219	1.1798022E7			true	sp|O88569|ROA2_MOUSE	O88569	ROA2_MOUSE	Hnrnpa2b1	Heterogeneous nuclear ribonucleoproteins A2/B1		
OB_CONTROLE_20121128_04.03593.03593.4	N:\BC_Bianca_Barros\corrida_fragpipe_28022023\fragpipe_amanda_28022023\CONTROL_02\interact-OB_CONTROLE_20121128_04.pep.xml	QLIQQQHKINLLQQQIQQVN	Q[111]LIQQQHKINLLQQQIQQVN	Q	M	20	4	2980.6925	2425.3003	2425.3003	607.3324	607.3324	2424.3235	607.0882	0.9768	0.0000	-0.5783	1.66800000000000	11.6110	10.9340	0.9867	0	0	197	216	0	1Q(-17.0265)		true	sp|Q04891|SOX13_MOUSE	Q04891	SOX13_MOUSE	Sox13	Transcription factor SOX-13		
OB_CONTROLE_20121128_04.03616.03616.2	N:\BC_Bianca_Barros\corrida_fragpipe_28022023\fragpipe_amanda_28022023\CONTROL_02\interact-OB_CONTROLE_20121128_04.pep.xml	GMTGYGMPRQIL	GM[147]TGYGMPRQIL	A	-	12	2	2991.0121	1338.6384	1338.6384	670.3265	670.3265	1338.6423	670.3284	-0.0039	0.7170	-0.4988	0.03741000000000	17.2080	0.0000	0.9813	0	0	188	199	5265526.0	2M(15.9949)		true	sp|Q9WVA4|TAGL2_MOUSE	Q9WVA4	TAGL2_MOUSE	Tagln2	Transgelin-2		
OB_CONTROLE_20121128_04.03638.03638.3	N:\BC_Bianca_Barros\corrida_fragpipe_28022023\fragpipe_amanda_28022023\CONTROL_02\interact-OB_CONTROLE_20121128_04.pep.xml	GGIGTVPVGRVETGVLKP		I	G	18	3	2999.9927	1734.9951	1734.9951	579.3390	579.3390	1734.9991	579.3403	-0.0040	0.8688	-0.6032	0.00179400000000	19.4770	0.0000	0.9943	0	0	257	274	2.726532E7			true	sp|P10126|EF1A1_MOUSE	P10126	EF1A1_MOUSE	Eef1a1	Elongation factor 1-alpha 1		
OB_CONTROLE_20121128_04.03644.03644.2	N:\BC_Bianca_Barros\corrida_fragpipe_28022023\fragpipe_amanda_28022023\CONTROL_02\interact-OB_CONTROLE_20121128_04.pep.xml	SVVPSPKVSDTVVEPY		F	N	16	2	3002.6868	1701.8763	1701.8763	851.9454	851.9454	1701.8824	851.9485	-0.0061	0.7772	-0.5127	0.21690000000000	19.1600	8.9490	0.9820	0	0	168	183	7.1085344E7			false	sp|P99024|TBB5_MOUSE	Q9ERD7	TBB3_MOUSE	Tubb3	Tubulin beta-3 chain	Tubb4a, Tubb4b, Tubb5	sp|P68372|TBB4B_MOUSE, sp|Q9D6F9|TBB4A_MOUSE, sp|Q9ERD7|TBB3_MOUSE
OB_CONTROLE_20121128_04.03665.03665.2	N:\BC_Bianca_Barros\corrida_fragpipe_28022023\fragpipe_amanda_28022023\CONTROL_02\interact-OB_CONTROLE_20121128_04.pep.xml	SVVTGGGEAAGGGGGGGARVF	n[43]SVVTGGGEAAGGGGGGGARVF	M	F	21	2	3011.4628	1760.8387	1760.8387	881.4266	881.4266	1760.8441	881.4293	-0.0053	0.9851	-0.7189	0.00000000000000	77.1710	12.4370	0.9781	0	0	2	22	1.2829444E7	N-term(42.0106)		true	sp|Q8R4S0|PP14C_MOUSE	Q8R4S0	PP14C_MOUSE	Ppp1r14c	Protein phosphatase 1 regulatory subunit 14C		
OB_CONTROLE_20121128_04.03680.03680.2	N:\BC_Bianca_Barros\corrida_fragpipe_28022023\fragpipe_amanda_28022023\CONTROL_02\interact-OB_CONTROLE_20121128_04.pep.xml	FQYGITDLR		A	G	9	2	3017.6757	1111.5627	1111.5627	556.7886	556.7886	1111.5662	556.7904	-0.0034	0.9341	-0.6020	0.08237000000000	17.8910	8.6030	0.9861	0	0	226	234	1.4177399E7			false	tr|A0A571BEN1|A0A571BEN1_MOUSE	Q5XKE0	MYPC2_MOUSE	Mybpc2	Myosin-binding protein C, fast-type	Mybpc1	sp|Q5XKE0|MYPC2_MOUSE
OB_CONTROLE_20121128_04.03690.03690.2	N:\BC_Bianca_Barros\corrida_fragpipe_28022023\fragpipe_amanda_28022023\CONTROL_02\interact-OB_CONTROLE_20121128_04.pep.xml	TDTKVIGNGSFGVV		Y	Y	14	2	3021.5137	1392.7201	1392.7201	697.3673	697.3673	1392.7249	697.3697	-0.0047	0.8268	-0.6673	0.02235000000000	16.1030	0.0000	0.9921	0	0	57	70	7283821.5			true	sp|Q9WV60|GSK3B_MOUSE	Q9WV60	GSK3B_MOUSE	Gsk3b	Glycogen synthase kinase-3 beta		
OB_CONTROLE_20121128_04.03820.03820.3	N:\BC_Bianca_Barros\corrida_fragpipe_28022023\fragpipe_amanda_28022023\CONTROL_02\interact-OB_CONTROLE_20121128_04.pep.xml	NLPLPPPPPPRGGDLMA	NLPLPPPPPPRGGDLM[147]A	R	Y	17	3	3076.7666	1753.9120	1753.9120	585.6446	585.6446	1753.9183	585.6467	-0.0063	0.6919	-0.7530	0.25820000000000	12.8520	0.0000	0.9923	0	0	306	322	0	16M(15.9949)		true	sp|P61979|HNRPK_MOUSE	P61979	HNRPK_MOUSE	Hnrnpk	Heterogeneous nuclear ribonucleoprotein K		
OB_CONTROLE_20121128_04.03831.03831.2	N:\BC_Bianca_Barros\corrida_fragpipe_28022023\fragpipe_amanda_28022023\CONTROL_02\interact-OB_CONTROLE_20121128_04.pep.xml	SLPVKDLAVDSASPV		G	Y	15	2	3081.0315	1496.8038	1496.8038	749.4092	749.4092	1496.8085	749.4115	-0.0046	0.8032	-0.7657	0.00147700000000	24.9380	12.6960	0.9968	0	0	228	242	4468904.0			true	sp|Q9JKS4|LDB3_MOUSE	Q9JKS4	LDB3_MOUSE	Ldb3	LIM domain-binding protein 3		
OB_CONTROLE_20121128_04.03837.03837.2	N:\BC_Bianca_Barros\corrida_fragpipe_28022023\fragpipe_amanda_28022023\CONTROL_02\interact-OB_CONTROLE_20121128_04.pep.xml	SDYPPLGRF		F	A	9	2	3083.6032	1050.5078	1050.5078	526.2612	526.2612	1050.5133	526.2639	-0.0054	0.8225	-0.7110	0.64520000000000	11.8040	0.0000	0.9853	0	0	416	424	7497942.0			true	sp|P10126|EF1A1_MOUSE	P10126	EF1A1_MOUSE	Eef1a1	Elongation factor 1-alpha 1		
OB_CONTROLE_20121128_04.03861.03861.2	N:\BC_Bianca_Barros\corrida_fragpipe_28022023\fragpipe_amanda_28022023\CONTROL_02\interact-OB_CONTROLE_20121128_04.pep.xml	SQFGAVEKAEII		F	A	12	2	3094.0659	1290.6774	1290.6774	646.3460	646.3460	1290.6819	646.3482	-0.0045	0.8717	-0.7727	0.00073130000000	21.2430	11.1050	0.9965	0	0	119	130	4.6164448E7			true	sp|Q9CX86|ROA0_MOUSE	Q9CX86	ROA0_MOUSE	Hnrnpa0	Heterogeneous nuclear ribonucleoprotein A0		
OB_CONTROLE_20121128_04.03870.03870.3	N:\BC_Bianca_Barros\corrida_fragpipe_28022023\fragpipe_amanda_28022023\CONTROL_02\interact-OB_CONTROLE_20121128_04.pep.xml	ADSGPAGGAALAAPAPGPGSGSTGPRVY	n[43]ADSGPAGGAALAAPAPGPGSGSTGPRVY	M	F	28	3	3097.4570	2450.1736	2450.1736	817.7318	817.7318	2450.1824	817.7347	-0.0087	0.7243	-0.6992	0.00000000002949	27.8100	0.0000	0.9998	0	0	2	29	9831063.0	N-term(42.0106)		true	sp|Q62084|PP14B_MOUSE	Q62084	PP14B_MOUSE	Ppp1r14b	Protein phosphatase 1 regulatory subunit 14B		
OB_CONTROLE_20121128_04.03879.03879.2	N:\BC_Bianca_Barros\corrida_fragpipe_28022023\fragpipe_amanda_28022023\CONTROL_02\interact-OB_CONTROLE_20121128_04.pep.xml	RQDILDDSGYVSAY		G	K	14	2	3101.0028	1600.7256	1600.7256	801.3701	801.3701	1600.7368	801.3757	-0.0112	0.4707	-0.6779	2.75600000000000	13.6180	0.0000	0.9786	0	0	151	164	2.1539564E7			true	sp|Q9CRB6|TPPP3_MOUSE	Q9CRB6	TPPP3_MOUSE	Tppp3	Tubulin polymerization-promoting protein family member 3		
OB_CONTROLE_20121128_04.03880.03880.2	N:\BC_Bianca_Barros\corrida_fragpipe_28022023\fragpipe_amanda_28022023\CONTROL_02\interact-OB_CONTROLE_20121128_04.pep.xml	GFGDGYNGYGGGPGGGNFGGSP		R	G	22	2	3101.3357	1946.7738	1946.7738	974.3942	974.3942	1946.7819	974.3982	-0.0080	0.8530	-0.7518	0.00000000000010	32.3270	13.7140	0.9999	0	0	239	260	1904382.6			true	sp|O88569|ROA2_MOUSE	O88569	ROA2_MOUSE	Hnrnpa2b1	Heterogeneous nuclear ribonucleoproteins A2/B1		
OB_CONTROLE_20121128_04.03884.03884.2	N:\BC_Bianca_Barros\corrida_fragpipe_28022023\fragpipe_amanda_28022023\CONTROL_02\interact-OB_CONTROLE_20121128_04.pep.xml	ASVLTAQPRLMEPI	ASVLTAQPRLM[147]EPI	Y	Y	14	2	3103.3838	1540.8217	1540.8217	771.4181	771.4181	1540.8281	771.4213	-0.0064	0.7812	-0.5769	0.00088940000000	16.8340	6.5490	0.9942	0	0	731	744	1.1506472E7	11M(15.9949)		true	sp|P58252|EF2_MOUSE	P58252	EF2_MOUSE	Eef2	Elongation factor 2		
OB_CONTROLE_20121128_04.03889.03889.3	N:\BC_Bianca_Barros\corrida_fragpipe_28022023\fragpipe_amanda_28022023\CONTROL_02\interact-OB_CONTROLE_20121128_04.pep.xml	SLEVTKTAVTTVPSMGIGLVK	SLEVTKTAVTTVPSM[147]GIGLVK	K	G	21	3	3105.8029	2146.1855	2146.1855	716.4024	716.4024	2146.1920	716.4046	-0.0063	0.8001	-0.3828	0.02904000000000	18.7850	8.5570	0.9896	0	0	63	83	4.0080184E7	15M(15.9949)		true	sp|Q9DAM7|TM263_MOUSE	Q9DAM7	TM263_MOUSE	Tmem263	Transmembrane protein 263		
OB_CONTROLE_20121128_04.03892.03892.2	N:\BC_Bianca_Barros\corrida_fragpipe_28022023\fragpipe_amanda_28022023\CONTROL_02\interact-OB_CONTROLE_20121128_04.pep.xml	ILAHLTGTEF		R	M	10	2	3106.6584	1100.5830	1100.5830	551.2988	551.2988	1100.5865	551.3005	-0.0035	0.6982	-0.5613	0.02142000000000	19.5280	11.9340	0.9874	0	0	169	178	7212891.5			true	sp|Q3TJD7|PDLI7_MOUSE	Q3TJD7	PDLI7_MOUSE	Pdlim7	PDZ and LIM domain protein 7		
OB_CONTROLE_20121128_04.03917.03917.3	N:\BC_Bianca_Barros\corrida_fragpipe_28022023\fragpipe_amanda_28022023\CONTROL_02\interact-OB_CONTROLE_20121128_04.pep.xml	SQDKLALHSEVAEVQQQLQ		L	G	19	3	3117.6985	2150.0881	2150.0881	717.7033	717.7033	2150.0967	717.7062	-0.0085	0.3175	-0.6685	0.42090000000000	19.4190	16.2060	0.9815	0	0	1845	1863	1.1869524E8			true	sp|A2AL36|CNTRL_MOUSE	A2AL36	CNTRL_MOUSE	Cntrl	Centriolin		
OB_CONTROLE_20121128_04.03994.03994.2	N:\BC_Bianca_Barros\corrida_fragpipe_28022023\fragpipe_amanda_28022023\CONTROL_02\interact-OB_CONTROLE_20121128_04.pep.xml	SIQVLASKSAILE		N	A	13	2	3149.8247	1357.7772	1357.7772	679.8959	679.8959	1357.7816	679.8981	-0.0043	0.8456	-0.7210	0.00000155800000	40.6000	16.4680	0.9995	0	0	159	171	2.0000008E7			true	sp|Q99PL5|RRBP1_MOUSE	Q99PL5	RRBP1_MOUSE	Rrbp1	Ribosome-binding protein 1		
OB_CONTROLE_20121128_04.03997.03997.3	N:\BC_Bianca_Barros\corrida_fragpipe_28022023\fragpipe_amanda_28022023\CONTROL_02\interact-OB_CONTROLE_20121128_04.pep.xml	AVGKVIPELNGKLTGMA		K	F	17	3	3150.7028	1696.9478	1696.9478	566.6565	566.6565	1696.9545	566.6588	-0.0067	0.7190	-0.7393	0.00000466800000	25.8730	10.5050	0.9935	0	0	214	230	5.1899432E7			false	sp|P16858|G3P_MOUSE	P16858	G3P_MOUSE	Gapdh	Glyceraldehyde-3-phosphate dehydrogenase	Gm10358, Gm3839	tr|A0A1D5RLD8|A0A1D5RLD8_MOUSE, tr|S4R1W1|S4R1W1_MOUSE
OB_CONTROLE_20121128_04.04006.04006.2	N:\BC_Bianca_Barros\corrida_fragpipe_28022023\fragpipe_amanda_28022023\CONTROL_02\interact-OB_CONTROLE_20121128_04.pep.xml	SAYSGLQSSSYL		R	M	12	2	3154.2270	1261.5781	1261.5781	631.7963	631.7963	1261.5825	631.7985	-0.0043	0.8229	-0.7516	0.00000236600000	26.1190	11.7320	0.9984	0	0	423	434	2902398.2			true	sp|P08551|NFL_MOUSE	P08551	NFL_MOUSE	Nefl	Neurofilament light polypeptide		
OB_CONTROLE_20121128_04.04044.04044.2	N:\BC_Bianca_Barros\corrida_fragpipe_28022023\fragpipe_amanda_28022023\CONTROL_02\interact-OB_CONTROLE_20121128_04.pep.xml	TSIAIDTIINQK		K	R	12	2	3171.7779	1315.7253	1315.7253	658.8699	658.8699	1315.7346	658.8746	-0.0092	0.8863	-0.7589	0.00000024960000	41.9290	15.9140	0.9996	0	0	219	230	3590390.0			true	sp|Q03265|ATPA_MOUSE	Q03265	ATPA_MOUSE	Atp5f1a	ATP synthase subunit alpha, mitochondrial		
OB_CONTROLE_20121128_04.04080.04080.2	N:\BC_Bianca_Barros\corrida_fragpipe_28022023\fragpipe_amanda_28022023\CONTROL_02\interact-OB_CONTROLE_20121128_04.pep.xml	TPIVIQPASATETTQLT		D	A	17	2	3194.4787	1769.9362	1769.9362	885.9754	885.9754	1769.9410	885.9778	-0.0048	0.8529	-0.6350	0.00000000000000	47.2700	13.1160	1.0000	0	0	169	185	0			true	sp|P60904|DNJC5_MOUSE	P60904	DNJC5_MOUSE	Dnajc5	DnaJ homolog subfamily C member 5		
OB_CONTROLE_20121128_04.04081.04081.2	N:\BC_Bianca_Barros\corrida_fragpipe_28022023\fragpipe_amanda_28022023\CONTROL_02\interact-OB_CONTROLE_20121128_04.pep.xml	GNPELVSKAGTSVLL		E	L	15	2	3195.2639	1483.8202	1483.8202	742.9174	742.9174	1483.8245	742.9195	-0.0042	0.8268	-0.7250	0.00000000058640	29.8550	0.0000	0.9998	0	0	1152	1166	0			true	sp|Q6Q477|AT2B4_MOUSE	Q6Q477	AT2B4_MOUSE	Atp2b4	Plasma membrane calcium-transporting ATPase 4		
OB_CONTROLE_20121128_04.04097.04097.2	N:\BC_Bianca_Barros\corrida_fragpipe_28022023\fragpipe_amanda_28022023\CONTROL_02\interact-OB_CONTROLE_20121128_04.pep.xml	NLPLPPPPPPRGGDL		R	M	15	2	3205.9076	1535.8440	1535.8440	768.9293	768.9293	1535.8458	768.9302	-0.0018	0.6276	-0.5537	0.00155400000000	25.2670	10.8560	0.9862	0	0	306	320	3.6896248E7			true	sp|P61979|HNRPK_MOUSE	P61979	HNRPK_MOUSE	Hnrnpk	Heterogeneous nuclear ribonucleoprotein K		
OB_CONTROLE_20121128_04.04106.04106.2	N:\BC_Bianca_Barros\corrida_fragpipe_28022023\fragpipe_amanda_28022023\CONTROL_02\interact-OB_CONTROLE_20121128_04.pep.xml	AAAVVDPQQSVVMRV	n[43]AAAVVDPQQSVVM[147]RV	M	A	15	2	3211.5404	1626.8464	1626.8464	814.4305	814.4305	1626.8398	814.4272	0.0065	0.7534	-0.7442	0.00000054450000	34.4970	14.0600	0.9988	0	0	2	16	5.289244E7	13M(15.9949),N-term(42.0106)		true	sp|P43883|PLIN2_MOUSE	P43883	PLIN2_MOUSE	Plin2	Perilipin-2		
OB_CONTROLE_20121128_04.04149.04149.2	N:\BC_Bianca_Barros\corrida_fragpipe_28022023\fragpipe_amanda_28022023\CONTROL_02\interact-OB_CONTROLE_20121128_04.pep.xml	VQGGAFDGTTEGPF		M	N	14	2	3229.3986	1381.6100	1381.6100	691.8123	691.8123	1381.6149	691.8147	-0.0048	0.8550	-0.6611	0.00027420000000	26.2180	11.8130	0.9957	0	0	412	425	2301150.0			true	sp|Q9EQP2|EHD4_MOUSE	Q9EQP2	EHD4_MOUSE	Ehd4	EH domain-containing protein 4		
OB_CONTROLE_20121128_04.04178.04178.3	N:\BC_Bianca_Barros\corrida_fragpipe_28022023\fragpipe_amanda_28022023\CONTROL_02\interact-OB_CONTROLE_20121128_04.pep.xml	TVQTAAANAASTAATSAAQNAFKGNQM	TVQTAAANAASTAATSAAQNAFKGNQM[147]	K	-	27	3	3241.4396	2612.2212	2612.2212	871.7477	871.7477	2611.2295	871.4171	0.9917	0.6038	-0.5269	0.00002729000000	20.8820	8.6690	0.9952	0	0	312	338	3894278.5	27M(15.9949)		true	sp|Q8K021|SCAM1_MOUSE	Q8K021	SCAM1_MOUSE	Scamp1	Secretory carrier-associated membrane protein 1		
OB_CONTROLE_20121128_04.04186.04186.2	N:\BC_Bianca_Barros\corrida_fragpipe_28022023\fragpipe_amanda_28022023\CONTROL_02\interact-OB_CONTROLE_20121128_04.pep.xml	FVVKAYLPVNES		M	F	12	2	3244.9695	1364.7297	1364.7297	683.3721	683.3721	1364.7339	683.3742	-0.0041	0.9507	-0.7644	0.00002013000000	23.2840	0.0000	0.9983	0	0	782	793	5038107.0			true	sp|P58252|EF2_MOUSE	P58252	EF2_MOUSE	Eef2	Elongation factor 2		
OB_CONTROLE_20121128_04.04191.04191.2	N:\BC_Bianca_Barros\corrida_fragpipe_28022023\fragpipe_amanda_28022023\CONTROL_02\interact-OB_CONTROLE_20121128_04.pep.xml	SETSAFMPVLKV	SETSAFM[147]PVLKV	F	V	12	2	3247.1977	1323.6694	1323.6694	662.8420	662.8420	1323.6743	662.8444	-0.0048	0.7097	-0.5696	0.00017260000000	25.5860	12.8750	0.9940	0	0	1209	1220	5246050.0	7M(15.9949)		true	sp|Q3UPL0|SC31A_MOUSE	Q3UPL0	SC31A_MOUSE	Sec31a	Protein transport protein Sec31A		
OB_CONTROLE_20121128_04.04204.04204.2	N:\BC_Bianca_Barros\corrida_fragpipe_28022023\fragpipe_amanda_28022023\CONTROL_02\interact-OB_CONTROLE_20121128_04.pep.xml	AAAVVDPQQSVVMRVA	n[43]AAAVVDPQQSVVM[147]RVA	M	N	16	2	3253.0519	1697.8706	1697.8706	849.9426	849.9426	1697.8770	849.9458	-0.0063	0.6681	-0.7311	0.05738000000000	19.3090	0.0000	0.9866	0	0	2	17	2.5723748E7	13M(15.9949),N-term(42.0106)		true	sp|P43883|PLIN2_MOUSE	P43883	PLIN2_MOUSE	Plin2	Perilipin-2		
OB_CONTROLE_20121128_04.04205.04205.2	N:\BC_Bianca_Barros\corrida_fragpipe_28022023\fragpipe_amanda_28022023\CONTROL_02\interact-OB_CONTROLE_20121128_04.pep.xml	SGYGGGSSIGVGSGFGGGLGSG		S	F	22	2	3253.4311	1772.7928	1772.7928	887.4037	887.4037	1772.7964	887.4055	-0.0035	0.9295	-0.7364	0.00000000000000	72.3300	10.1660	1.0000	0	0	494	515	1.0067655E7			true	sp|Q922U2|K2C5_MOUSE	Q922U2	K2C5_MOUSE	Krt5	Keratin, type II cytoskeletal 5		
OB_CONTROLE_20121128_04.04238.04238.2	N:\BC_Bianca_Barros\corrida_fragpipe_28022023\fragpipe_amanda_28022023\CONTROL_02\interact-OB_CONTROLE_20121128_04.pep.xml	SLPVKDLAVDSASPVY		G	Q	16	2	3267.3165	1659.8645	1659.8645	830.9395	830.9395	1659.8718	830.9432	-0.0073	0.9407	-0.7205	0.00000349300000	29.8190	11.7240	0.9992	0	0	228	243	1.1840758E7			true	sp|Q9JKS4|LDB3_MOUSE	Q9JKS4	LDB3_MOUSE	Ldb3	LIM domain-binding protein 3		
OB_CONTROLE_20121128_04.04242.04242.2	N:\BC_Bianca_Barros\corrida_fragpipe_28022023\fragpipe_amanda_28022023\CONTROL_02\interact-OB_CONTROLE_20121128_04.pep.xml	SFSAASAITPSVSRTSF		R	S	17	2	3268.6358	1714.8444	1714.8444	858.4295	858.4295	1714.8525	858.4335	-0.0081	0.8863	-0.6420	0.00123500000000	26.0620	13.1940	0.9974	0	0	16	32	5852030.0			true	sp|Q922U2|K2C5_MOUSE	Q922U2	K2C5_MOUSE	Krt5	Keratin, type II cytoskeletal 5		
OB_CONTROLE_20121128_04.04262.04262.2	N:\BC_Bianca_Barros\corrida_fragpipe_28022023\fragpipe_amanda_28022023\CONTROL_02\interact-OB_CONTROLE_20121128_04.pep.xml	SGPFGQIFRPDN		R	F	12	2	3279.4691	1333.6365	1333.6365	667.8255	667.8255	1333.6414	667.8280	-0.0048	0.7340	-0.6026	0.00007281000000	25.3970	12.0380	0.9906	0	0	78	89	3289991.0			false	sp|P99024|TBB5_MOUSE	Q7TMM9	TBB2A_MOUSE	Tubb2a	Tubulin beta-2A chain	Tubb2b, Tubb4a, Tubb4b, Tubb5	sp|P68372|TBB4B_MOUSE, sp|Q7TMM9|TBB2A_MOUSE, sp|Q9CWF2|TBB2B_MOUSE, sp|Q9D6F9|TBB4A_MOUSE
OB_CONTROLE_20121128_04.04323.04323.2	N:\BC_Bianca_Barros\corrida_fragpipe_28022023\fragpipe_amanda_28022023\CONTROL_02\interact-OB_CONTROLE_20121128_04.pep.xml	YDFPAVLR		G	W	8	2	3316.9318	979.5150	979.5150	490.7648	490.7648	979.5127	490.7636	0.0023	0.8479	-0.6551	0.00012130000000	23.9000	9.8870	0.9954	0	0	169	176	3645507.8			true	sp|Q8BH64|EHD2_MOUSE	Q8BH64	EHD2_MOUSE	Ehd2	EH domain-containing protein 2		
OB_CONTROLE_20121128_04.04407.04407.2	N:\BC_Bianca_Barros\corrida_fragpipe_28022023\fragpipe_amanda_28022023\CONTROL_02\interact-OB_CONTROLE_20121128_04.pep.xml	TAVTTVPSMGIGLVK		K	G	15	2	3370.3302	1472.8224	1472.8224	737.4185	737.4185	1472.8271	737.4208	-0.0047	0.9617	-0.5415	0.00000003962000	44.5590	11.4160	0.9998	0	0	69	83	1.8636902E7			true	sp|Q9DAM7|TM263_MOUSE	Q9DAM7	TM263_MOUSE	Tmem263	Transmembrane protein 263		
OB_CONTROLE_20121128_04.04415.04415.2	N:\BC_Bianca_Barros\corrida_fragpipe_28022023\fragpipe_amanda_28022023\CONTROL_02\interact-OB_CONTROLE_20121128_04.pep.xml	IYEKPQTEAPQVTGPIEVPV		Y	V	20	2	3373.5060	2194.1455	2194.1455	1098.0800	1098.0800	2194.1520	1098.0833	-0.0065	0.8158	-0.5006	0.03591000000000	13.2790	0.0000	0.9900	0	0	76	95	2.0212804E7			true	sp|Q9DCT8|CRIP2_MOUSE	Q9DCT8	CRIP2_MOUSE	Crip2	Cysteine-rich protein 2		
OB_CONTROLE_20121128_04.04451.04451.2	N:\BC_Bianca_Barros\corrida_fragpipe_28022023\fragpipe_amanda_28022023\CONTROL_02\interact-OB_CONTROLE_20121128_04.pep.xml	SIYPAPQVSTAVVEPYN		F	S	17	2	3389.6461	1833.9102	1833.9102	917.9624	917.9624	1833.9148	917.9647	-0.0046	0.7184	-0.6946	0.05135000000000	18.6580	0.0000	0.9848	0	0	170	186	1120323.0			false	sp|P05213|TBA1B_MOUSE	P05213	TBA1B_MOUSE	Tuba1b	Tubulin alpha-1B chain	Tuba1a, Tuba1c, Tuba4a	sp|P68368|TBA4A_MOUSE, sp|P68369|TBA1A_MOUSE, sp|P68373|TBA1C_MOUSE
OB_CONTROLE_20121128_04.04468.04468.3	N:\BC_Bianca_Barros\corrida_fragpipe_28022023\fragpipe_amanda_28022023\CONTROL_02\interact-OB_CONTROLE_20121128_04.pep.xml	GGIGTVPVGRVETGVLKPGMVVT	GGIGTVPVGRVETGVLKPGM[147]VVT	I	F	23	3	3396.6646	2238.2314	2238.2314	747.0844	747.0844	2238.2405	747.0874	-0.0090	0.6869	-0.5259	0.03643000000000	13.5700	0.0000	0.9886	0	0	257	279	3661662.0	20M(15.9949)		true	sp|P10126|EF1A1_MOUSE	P10126	EF1A1_MOUSE	Eef1a1	Elongation factor 1-alpha 1		
OB_CONTROLE_20121128_04.04492.04492.2	N:\BC_Bianca_Barros\corrida_fragpipe_28022023\fragpipe_amanda_28022023\CONTROL_02\interact-OB_CONTROLE_20121128_04.pep.xml	STTAPPIQSPLPVIPH		I	Q	16	2	3406.9942	1653.9033	1653.9033	827.9589	827.9589	1653.9089	827.9617	-0.0056	0.8629	-0.7597	0.04301000000000	17.8100	11.7710	0.9928	0	0	90	105	1.3046326E7			true	sp|Q9JKS4|LDB3_MOUSE	Q9JKS4	LDB3_MOUSE	Ldb3	LIM domain-binding protein 3		
OB_CONTROLE_20121128_04.04505.04505.3	N:\BC_Bianca_Barros\corrida_fragpipe_28022023\fragpipe_amanda_28022023\CONTROL_02\interact-OB_CONTROLE_20121128_04.pep.xml	SKATTLAERSTGLAFSL		S	Y	17	3	3412.7898	1751.9366	1751.9366	584.9861	584.9861	1751.9417	584.9878	-0.0050	0.7497	-0.7226	1.34800000000000	18.2160	13.7630	0.9882	0	0	37	53	1.5376605E7			true	sp|P19324|SERPH_MOUSE	P19324	SERPH_MOUSE	Serpinh1	Serpin H1		
OB_CONTROLE_20121128_04.04526.04526.2	N:\BC_Bianca_Barros\corrida_fragpipe_28022023\fragpipe_amanda_28022023\CONTROL_02\interact-OB_CONTROLE_20121128_04.pep.xml	AMVSEFLKQ	n[43]AM[147]VSEFLKQ	M	A	9	2	3421.9010	1109.5388	1109.5388	555.7767	555.7767	1109.5426	555.7786	-0.0037	0.8683	-0.5267	0.00002820000000	30.5060	11.0160	0.9972	0	0	2	10	5.7778636E7	2M(15.9949),N-term(42.0106)		true	sp|P10107|ANXA1_MOUSE	P10107	ANXA1_MOUSE	Anxa1	Annexin A1		
OB_CONTROLE_20121128_04.04552.04552.2	N:\BC_Bianca_Barros\corrida_fragpipe_28022023\fragpipe_amanda_28022023\CONTROL_02\interact-OB_CONTROLE_20121128_04.pep.xml	SSEEGKLFVGGLN	n[43]SSEEGKLFVGGLN	M	F	13	2	3432.3318	1377.6769	1377.6769	689.8457	689.8457	1377.6776	689.8461	-0.0007	0.6745	-0.5525	0.00013750000000	28.3630	15.2420	0.9944	0	0	2	14	3106358.2	N-term(42.0106)		true	sp|O89086|RBM3_MOUSE	O89086	RBM3_MOUSE	Rbm3	RNA-binding protein 3		
OB_CONTROLE_20121128_04.04579.04579.2	N:\BC_Bianca_Barros\corrida_fragpipe_28022023\fragpipe_amanda_28022023\CONTROL_02\interact-OB_CONTROLE_20121128_04.pep.xml	GGGGLGLGSGLSVGGSGFSAGSSQGGMS	GGGGLGLGSGLSVGGSGFSAGSSQGGM[147]S	R	F	28	2	3443.9848	2300.0242	2300.0242	1151.0194	1151.0194	2300.0337	1151.0241	-0.0095	0.8941	-0.7082	0.00000000000000	57.7200	0.0000	1.0000	0	0	527	554	3094809.2	27M(15.9949)		true	sp|Q922U2|K2C5_MOUSE	Q922U2	K2C5_MOUSE	Krt5	Keratin, type II cytoskeletal 5		
OB_CONTROLE_20121128_04.04594.04594.2	N:\BC_Bianca_Barros\corrida_fragpipe_28022023\fragpipe_amanda_28022023\CONTROL_02\interact-OB_CONTROLE_20121128_04.pep.xml	IGDPNLEFVAMPA	IGDPNLEFVAM[147]PA	L	L	13	2	3450.9208	1388.6586	1388.6586	695.3366	695.3366	1388.6644	695.3395	-0.0058	0.6419	-0.6651	0.11170000000000	17.9310	0.0000	0.9796	0	0	169	181	2710198.5	11M(15.9949)		false	sp|P62827|RAN_MOUSE	P62827	RAN_MOUSE	Ran	GTP-binding nuclear protein Ran	Rasl2-9	sp|Q61820|RANT_MOUSE
OB_CONTROLE_20121128_04.04605.04605.2	N:\BC_Bianca_Barros\corrida_fragpipe_28022023\fragpipe_amanda_28022023\CONTROL_02\interact-OB_CONTROLE_20121128_04.pep.xml	SFPAVQAAPSFSNSFPK		I	I	17	2	3455.7549	1780.8738	1780.8738	891.4442	891.4442	1780.8783	891.4464	-0.0045	0.8151	-0.7702	0.00016240000000	20.9510	12.5790	0.9967	0	0	283	299	8585235.0			true	sp|P32921|SYWC_MOUSE	P32921	SYWC_MOUSE	Wars1	Tryptophan--tRNA ligase, cytoplasmic		
OB_CONTROLE_20121128_04.04643.04643.2	N:\BC_Bianca_Barros\corrida_fragpipe_28022023\fragpipe_amanda_28022023\CONTROL_02\interact-OB_CONTROLE_20121128_04.pep.xml	SYTLDSLGNPSA	n[43]SYTLDSLGNPSA	M	Y	12	2	3471.6707	1265.5748	1265.5748	633.7947	633.7947	1265.5775	633.7960	-0.0026	0.7865	-0.5029	0.00000444600000	25.8940	13.0910	0.9972	0	0	2	13	0	N-term(42.0106)		true	sp|P08553|NFM_MOUSE	P08553	NFM_MOUSE	Nefm	Neurofilament medium polypeptide		
OB_CONTROLE_20121128_04.04706.04706.2	N:\BC_Bianca_Barros\corrida_fragpipe_28022023\fragpipe_amanda_28022023\CONTROL_02\interact-OB_CONTROLE_20121128_04.pep.xml	MESAIAEGGASRF	n[43]MESAIAEGGASRF	-	S	13	2	3498.2312	1366.6119	1366.6119	684.3132	684.3132	1366.6187	684.3166	-0.0067	0.8465	-0.6906	0.05698000000000	16.4770	0.0000	0.9860	0	0	1	13	3109441.0	N-term(42.0106)		true	sp|Q62448|IF4G2_MOUSE	Q62448	IF4G2_MOUSE	Eif4g2	Eukaryotic translation initiation factor 4 gamma 2		
OB_CONTROLE_20121128_04.04722.04722.2	N:\BC_Bianca_Barros\corrida_fragpipe_28022023\fragpipe_amanda_28022023\CONTROL_02\interact-OB_CONTROLE_20121128_04.pep.xml	SDYPPLGRFAV		F	R	11	2	3505.4000	1220.6161	1220.6161	611.3153	611.3153	1220.6189	611.3167	-0.0028	0.8836	-0.5792	0.00000091090000	22.9270	6.8980	0.9986	0	0	416	426	5.3753512E7			true	sp|P10126|EF1A1_MOUSE	P10126	EF1A1_MOUSE	Eef1a1	Elongation factor 1-alpha 1		
OB_CONTROLE_20121128_04.04724.04724.2	N:\BC_Bianca_Barros\corrida_fragpipe_28022023\fragpipe_amanda_28022023\CONTROL_02\interact-OB_CONTROLE_20121128_04.pep.xml	GSPLSSPVFPRAGFG		L	T	15	2	3505.8941	1474.7513	1474.7513	738.3829	738.3829	1474.7567	738.3856	-0.0053	0.8307	-0.6726	0.01737000000000	17.8220	12.6070	0.9887	0	0	27	41	2312561.0			true	sp|P31001|DESM_MOUSE	P31001	DESM_MOUSE	Des	Desmin		
OB_CONTROLE_20121128_04.04736.04736.3	N:\BC_Bianca_Barros\corrida_fragpipe_28022023\fragpipe_amanda_28022023\CONTROL_02\interact-OB_CONTROLE_20121128_04.pep.xml	GGIGTVPVGRVETGVLKPGMVV		I	T	22	3	3511.1333	2121.1914	2121.1914	708.0711	708.0711	2121.1980	708.0733	-0.0065	0.7868	-0.4674	0.00001417000000	25.1500	10.8730	0.9971	0	0	257	278	9.5702528E7			true	sp|P10126|EF1A1_MOUSE	P10126	EF1A1_MOUSE	Eef1a1	Elongation factor 1-alpha 1		
OB_CONTROLE_20121128_04.04760.04760.2	N:\BC_Bianca_Barros\corrida_fragpipe_28022023\fragpipe_amanda_28022023\CONTROL_02\interact-OB_CONTROLE_20121128_04.pep.xml	SYTPGIGGDSAQLAQRI	n[43]SYTPGIGGDSAQLAQRI	M	S	17	2	3520.7694	1774.8800	1774.8800	888.4473	888.4473	1774.8849	888.4497	-0.0048	0.7717	-0.7537	0.00001112000000	24.2460	10.2310	0.9980	0	0	2	18	2109603.0	N-term(42.0106)		true	sp|O70439|STX7_MOUSE	O70439	STX7_MOUSE	Stx7	Syntaxin-7		
OB_CONTROLE_20121128_04.04795.04795.2	N:\BC_Bianca_Barros\corrida_fragpipe_28022023\fragpipe_amanda_28022023\CONTROL_02\interact-OB_CONTROLE_20121128_04.pep.xml	SYTLDSLGNPSAYR	n[43]SYTLDSLGNPSAYR	M	R	14	2	3535.3903	1584.7358	1584.7358	793.3752	793.3752	1584.7420	793.3783	-0.0061	0.8105	-0.7524	0.00004700000000	23.6130	12.3560	0.9955	0	0	2	15	1.1367265E7	N-term(42.0106)		true	sp|P08553|NFM_MOUSE	P08553	NFM_MOUSE	Nefm	Neurofilament medium polypeptide		
OB_CONTROLE_20121128_04.04804.04804.2	N:\BC_Bianca_Barros\corrida_fragpipe_28022023\fragpipe_amanda_28022023\CONTROL_02\interact-OB_CONTROLE_20121128_04.pep.xml	ALTVPELTQQV		R	F	11	2	3538.9098	1197.6589	1197.6589	599.8367	599.8367	1197.6604	599.8375	-0.0014	0.7661	-0.7471	0.03483000000000	18.7800	14.0850	0.9866	0	0	283	293	0			true	sp|P99024|TBB5_MOUSE	P99024	TBB5_MOUSE	Tubb5	Tubulin beta-5 chain		
OB_CONTROLE_20121128_04.04860.04860.2	N:\BC_Bianca_Barros\corrida_fragpipe_28022023\fragpipe_amanda_28022023\CONTROL_02\interact-OB_CONTROLE_20121128_04.pep.xml	RTFGGAPGFSLGSPLS		R	S	16	2	3562.0243	1549.7832	1549.7832	775.8989	775.8989	1549.7888	775.9017	-0.0056	0.8960	-0.7639	0.01289000000000	19.9070	12.1110	0.9946	0	0	16	31	6102234.5			true	sp|P31001|DESM_MOUSE	P31001	DESM_MOUSE	Des	Desmin		
OB_CONTROLE_20121128_04.04867.04867.2	N:\BC_Bianca_Barros\corrida_fragpipe_28022023\fragpipe_amanda_28022023\CONTROL_02\interact-OB_CONTROLE_20121128_04.pep.xml	SSGPTSLFAVTVAPPGAR		K	Q	18	2	3564.9633	1713.9000	1713.9000	857.9573	857.9573	1713.9049	857.9597	-0.0048	0.7241	-0.7355	0.00701900000000	21.1150	12.7190	0.9963	0	0	182	199	7420478.5			true	sp|Q8VEK3|HNRPU_MOUSE	Q8VEK3	HNRPU_MOUSE	Hnrnpu	Heterogeneous nuclear ribonucleoprotein U		
OB_CONTROLE_20121128_04.04885.04885.2	N:\BC_Bianca_Barros\corrida_fragpipe_28022023\fragpipe_amanda_28022023\CONTROL_02\interact-OB_CONTROLE_20121128_04.pep.xml	TIPPPTLGVAPV		V	P	12	2	3572.7776	1160.6761	1160.6761	581.3453	581.3453	1160.6804	581.3475	-0.0042	0.5947	-0.6309	1.25300000000000	13.1080	0.0000	0.9814	0	0	427	438	5815413.0			true	sp|Q6PB75|PAPD7_MOUSE	Q6PB75	PAPD7_MOUSE	Tent4a	Terminal nucleotidyltransferase 4A		
OB_CONTROLE_20121128_04.04895.04895.2	N:\BC_Bianca_Barros\corrida_fragpipe_28022023\fragpipe_amanda_28022023\CONTROL_02\interact-OB_CONTROLE_20121128_04.pep.xml	ALAPLAIPSAAAAAAASR		G	I	18	2	3576.4885	1591.8997	1591.8997	796.9571	796.9571	1591.9044	796.9595	-0.0047	0.7512	-0.6804	1.45900000000000	11.8440	0.0000	0.9877	0	0	332	349	3202818.0			true	sp|P17225|PTBP1_MOUSE	P17225	PTBP1_MOUSE	Ptbp1	Polypyrimidine tract-binding protein 1		
OB_CONTROLE_20121128_04.04926.04926.2	N:\BC_Bianca_Barros\corrida_fragpipe_28022023\fragpipe_amanda_28022023\CONTROL_02\interact-OB_CONTROLE_20121128_04.pep.xml	GVGSGFGGGLGSGF		I	A	14	2	3589.9055	1154.5339	1154.5339	578.2742	578.2742	1154.5355	578.2750	-0.0015	0.7971	-0.5362	0.00256300000000	21.3960	0.0000	0.9907	0	0	503	516	1669249.6			true	sp|Q922U2|K2C5_MOUSE	Q922U2	K2C5_MOUSE	Krt5	Keratin, type II cytoskeletal 5		
OB_CONTROLE_20121128_04.04940.04940.2	N:\BC_Bianca_Barros\corrida_fragpipe_28022023\fragpipe_amanda_28022023\CONTROL_02\interact-OB_CONTROLE_20121128_04.pep.xml	NLGIGKITPF		K	E	10	2	3595.7018	1058.6088	1058.6088	530.3117	530.3117	1058.6123	530.3134	-0.0035	0.9160	-0.4020	0.13540000000000	18.5780	0.0000	0.9798	0	0	302	311	6331322.0			true	sp|P08249|MDHM_MOUSE	P08249	MDHM_MOUSE	Mdh2	Malate dehydrogenase, mitochondrial		
OB_CONTROLE_20121128_04.04957.04957.2	N:\BC_Bianca_Barros\corrida_fragpipe_28022023\fragpipe_amanda_28022023\CONTROL_02\interact-OB_CONTROLE_20121128_04.pep.xml	SVAPSLATSASAAFNPY		F	L	17	2	3602.5916	1652.7966	1652.7966	827.4056	827.4056	1652.8044	827.4095	-0.0078	0.9705	-0.7358	0.00000000023020	45.6840	11.6950	0.9999	0	0	119	135	3665467.5			true	sp|Q9JKP5|MBNL1_MOUSE	Q9JKP5	MBNL1_MOUSE	Mbnl1	Muscleblind-like protein 1		
OB_CONTROLE_20121128_04.04982.04982.2	N:\BC_Bianca_Barros\corrida_fragpipe_28022023\fragpipe_amanda_28022023\CONTROL_02\interact-OB_CONTROLE_20121128_04.pep.xml	FITNIPFDVK		A	W	10	2	3613.1697	1192.6420	1192.6420	597.3283	597.3283	1192.6492	597.3319	-0.0072	0.9131	-0.7533	0.03444000000000	21.4530	15.0060	0.9941	0	0	73	82	8748170.0			true	sp|Q9D0E1|HNRPM_MOUSE	Q9D0E1	HNRPM_MOUSE	Hnrnpm	Heterogeneous nuclear ribonucleoprotein M		
OB_CONTROLE_20121128_04.05002.05002.2	N:\BC_Bianca_Barros\corrida_fragpipe_28022023\fragpipe_amanda_28022023\CONTROL_02\interact-OB_CONTROLE_20121128_04.pep.xml	HDNFGIVEGLMTTV	HDNFGIVEGLM[147]TTV	I	H	14	2	3622.2305	1547.7252	1547.7252	774.8699	774.8699	1547.7289	774.8717	-0.0036	0.8794	-0.7528	0.00000004094000	38.7340	19.7440	0.9985	0	0	163	176	5.310632E7	11M(15.9949)		false	sp|P16858|G3P_MOUSE	P16858	G3P_MOUSE	Gapdh	Glyceraldehyde-3-phosphate dehydrogenase	Gm10358, Gm3839	tr|A0A1D5RLD8|A0A1D5RLD8_MOUSE, tr|S4R1W1|S4R1W1_MOUSE
OB_CONTROLE_20121128_04.05023.05023.2	N:\BC_Bianca_Barros\corrida_fragpipe_28022023\fragpipe_amanda_28022023\CONTROL_02\interact-OB_CONTROLE_20121128_04.pep.xml	AAAVVDPQQSVVMRVA	n[43]AAAVVDPQQSVVMRVA	M	N	16	2	3630.8303	1681.8768	1681.8768	841.9457	841.9457	1681.8821	841.9483	-0.0052	0.8034	-0.6605	0.00000559800000	30.4850	12.2130	0.9983	0	0	2	17	7985392.0	N-term(42.0106)		true	sp|P43883|PLIN2_MOUSE	P43883	PLIN2_MOUSE	Plin2	Perilipin-2		
OB_CONTROLE_20121128_04.05051.05051.2	N:\BC_Bianca_Barros\corrida_fragpipe_28022023\fragpipe_amanda_28022023\CONTROL_02\interact-OB_CONTROLE_20121128_04.pep.xml	QADGPDMQSLFTQY	Q[111]ADGPDM[147]QSLFTQY	R	F	14	2	3642.6062	1598.6505	1598.6505	800.3325	800.3325	1598.6559	800.3352	-0.0053	0.8427	-0.5514	0.00000000000001	36.8220	13.6090	0.9781	0	0	24	37	1.805263E7	1Q(-17.0265),7M(15.9949)		true	sp|P09813|APOA2_MOUSE	P09813	APOA2_MOUSE	Apoa2	Apolipoprotein A-II		
OB_CONTROLE_20121128_04.05133.05133.2	N:\BC_Bianca_Barros\corrida_fragpipe_28022023\fragpipe_amanda_28022023\CONTROL_02\interact-OB_CONTROLE_20121128_04.pep.xml	SALQSAGVVVSMSPAQLGTTI	SALQSAGVVVSM[147]SPAQLGTTI	I	Y	21	2	3676.0073	2032.0432	2032.0432	1017.0289	1017.0289	2032.0509	1017.0327	-0.0076	0.8091	-0.5898	0.00000000000000	67.0540	14.2200	1.0000	0	0	316	336	5490822.0	12M(15.9949)		true	sp|Q9WUM5|SUCA_MOUSE	Q9WUM5	SUCA_MOUSE	Suclg1	Succinate--CoA ligase [ADP/GDP-forming] subunit alpha, mitochondrial		
OB_CONTROLE_20121128_04.05136.05136.2	N:\BC_Bianca_Barros\corrida_fragpipe_28022023\fragpipe_amanda_28022023\CONTROL_02\interact-OB_CONTROLE_20121128_04.pep.xml	ASMAAAIAASRSAVMS	n[43]ASMAAAIAASRSAVM[147]S	M	G	16	2	3677.7445	1551.7322	1551.7322	776.8734	776.8734	1551.7384	776.8765	-0.0062	0.3503	-0.7368	0.00657400000000	20.4400	10.8670	0.9819	0	0	2	17	1260533.4	15M(15.9949),N-term(42.0106)		true	sp|Q8C3W1|CA198_MOUSE	Q8C3W1	CA198_MOUSE		Uncharacterized protein C1orf198 homolog		
OB_CONTROLE_20121128_04.05192.05192.2	N:\BC_Bianca_Barros\corrida_fragpipe_28022023\fragpipe_amanda_28022023\CONTROL_02\interact-OB_CONTROLE_20121128_04.pep.xml	GVAGALRPLLQGAVPA		R	A	16	2	3700.6477	1488.8740	1488.8740	745.4443	745.4443	1488.8776	745.4461	-0.0035	0.7614	-0.3932	0.08948000000000	16.6930	11.0990	0.9830	0	0	21	36	1.0717777E7			true	sp|Q9CR68|UCRI_MOUSE	Q9CR68	UCRI_MOUSE	Uqcrfs1	Cytochrome b-c1 complex subunit Rieske, mitochondrial		
OB_CONTROLE_20121128_04.05199.05199.2	N:\BC_Bianca_Barros\corrida_fragpipe_28022023\fragpipe_amanda_28022023\CONTROL_02\interact-OB_CONTROLE_20121128_04.pep.xml	SMFDQTQIQEF		F	K	11	2	3703.4770	1372.5933	1372.5933	687.3039	687.3039	1372.5968	687.3057	-0.0035	0.8447	-0.7701	0.00000103900000	32.6650	12.9890	0.9989	0	0	20	30	5211890.0			true	sp|P97457|MYL11_MOUSE	P97457	MYL11_MOUSE	Myl11	Myosin regulatory light chain 11		
OB_CONTROLE_20121128_04.05222.05222.2	N:\BC_Bianca_Barros\corrida_fragpipe_28022023\fragpipe_amanda_28022023\CONTROL_02\interact-OB_CONTROLE_20121128_04.pep.xml	SEPSPAVTPVTPTTLI		S	A	16	2	3712.7670	1609.8586	1609.8586	805.9366	805.9366	1608.8610	805.4378	0.9976	0.8353	-0.6501	0.00415200000000	20.3420	0.0000	0.9893	0	0	94	109	2412107.2			true	sp|Q9CWK8|SNX2_MOUSE	Q9CWK8	SNX2_MOUSE	Snx2	Sorting nexin-2		
OB_CONTROLE_20121128_04.05227.05227.2	N:\BC_Bianca_Barros\corrida_fragpipe_28022023\fragpipe_amanda_28022023\CONTROL_02\interact-OB_CONTROLE_20121128_04.pep.xml	SVDFSLADAIN		D	T	11	2	3715.0240	1150.5479	1150.5479	576.2812	576.2812	1150.5505	576.2825	-0.0026	0.5539	-0.4418	0.00002707000000	28.9660	14.2370	0.9957	0	0	83	93	8898219.0			true	sp|P20152|VIME_MOUSE	P20152	VIME_MOUSE	Vim	Vimentin		
OB_CONTROLE_20121128_04.05283.05283.2	N:\BC_Bianca_Barros\corrida_fragpipe_28022023\fragpipe_amanda_28022023\CONTROL_02\interact-OB_CONTROLE_20121128_04.pep.xml	SSFGYDPYFSTSYK	n[43]SSFGYDPYFSTSYK	M	R	14	2	3738.3164	1689.7115	1689.7115	845.8630	845.8630	1689.7198	845.8672	-0.0083	0.9114	-0.6495	0.00001288000000	33.0610	0.0000	0.9992	0	0	2	15	1.5160811E7	N-term(42.0106)		true	sp|P08551|NFL_MOUSE	P08551	NFL_MOUSE	Nefl	Neurofilament light polypeptide		
OB_CONTROLE_20121128_04.05310.05310.2	N:\BC_Bianca_Barros\corrida_fragpipe_28022023\fragpipe_amanda_28022023\CONTROL_02\interact-OB_CONTROLE_20121128_04.pep.xml	TTRAPSYGAGELLDF		G	S	15	2	3749.6679	1596.7708	1596.7708	799.3927	799.3927	1596.7783	799.3964	-0.0075	0.7573	-0.6584	0.00000185900000	23.2180	8.9300	0.9984	0	0	76	90	6.0436672E7			true	sp|P31001|DESM_MOUSE	P31001	DESM_MOUSE	Des	Desmin		
OB_CONTROLE_20121128_04.05313.05313.2	N:\BC_Bianca_Barros\corrida_fragpipe_28022023\fragpipe_amanda_28022023\CONTROL_02\interact-OB_CONTROLE_20121128_04.pep.xml	AATELRGVVGPGPAAI	n[43]AATELRGVVGPGPAAI	M	A	16	2	3750.4882	1519.8291	1519.8291	760.9218	760.9218	1519.8358	760.9252	-0.0067	0.6825	-0.5164	0.30890000000000	16.5410	0.0000	0.9805	0	0	2	17	8139147.5	N-term(42.0106)		true	sp|Q3B7Z2|OSBP1_MOUSE	Q3B7Z2	OSBP1_MOUSE	Osbp	Oxysterol-binding protein 1		
OB_CONTROLE_20121128_04.05325.05325.2	N:\BC_Bianca_Barros\corrida_fragpipe_28022023\fragpipe_amanda_28022023\CONTROL_02\interact-OB_CONTROLE_20121128_04.pep.xml	AAAEPMGTLLQVPEQI	AAAEPM[147]GTLLQVPEQI	F	S	16	2	3755.5588	1682.8455	1682.8455	842.4300	842.4300	1682.8547	842.4346	-0.0092	0.8276	-0.6969	0.05605000000000	19.6520	9.3640	0.9917	0	0	373	388	6666528.5	6M(15.9949)		true	sp|Q6P9R2|OXSR1_MOUSE	Q6P9R2	OXSR1_MOUSE	Oxsr1	Serine/threonine-protein kinase		
OB_CONTROLE_20121128_04.05353.05353.2	N:\BC_Bianca_Barros\corrida_fragpipe_28022023\fragpipe_amanda_28022023\CONTROL_02\interact-OB_CONTROLE_20121128_04.pep.xml	SDSFFRPSVMEPI		V	L	13	2	3767.3348	1510.7063	1510.7063	756.3604	756.3604	1510.7125	756.3635	-0.0062	0.8454	-0.5235	0.22860000000000	14.0640	0.0000	0.9866	0	0	492	504	7337628.0			true	sp|Q8CGN5|PLIN1_MOUSE	Q8CGN5	PLIN1_MOUSE	Plin1	Perilipin-1		
OB_CONTROLE_20121128_04.05398.05398.2	N:\BC_Bianca_Barros\corrida_fragpipe_28022023\fragpipe_amanda_28022023\CONTROL_02\interact-OB_CONTROLE_20121128_04.pep.xml	SSLNLRETNLESLPL		F	V	15	2	3785.5701	1684.8988	1684.8988	843.4567	843.4567	1684.8994	843.4570	-0.0006	0.6813	-0.6432	0.18330000000000	17.0400	11.4110	0.9858	0	0	419	433	5975173.0			true	sp|P20152|VIME_MOUSE	P20152	VIME_MOUSE	Vim	Vimentin		
OB_CONTROLE_20121128_04.05399.05399.2	N:\BC_Bianca_Barros\corrida_fragpipe_28022023\fragpipe_amanda_28022023\CONTROL_02\interact-OB_CONTROLE_20121128_04.pep.xml	SALQSAGVVVSMSPAQLGTTIY	SALQSAGVVVSM[147]SPAQLGTTIY	I	K	22	2	3785.8780	2196.1118	2196.1118	1099.0632	1099.0632	2195.1143	1098.5644	0.9975	0.8119	-0.3893	0.00000000000000	59.5450	12.1640	0.9999	0	0	316	337	3939340.0	12M(15.9949)		true	sp|Q9WUM5|SUCA_MOUSE	Q9WUM5	SUCA_MOUSE	Suclg1	Succinate--CoA ligase [ADP/GDP-forming] subunit alpha, mitochondrial		
OB_CONTROLE_20121128_04.05417.05417.2	N:\BC_Bianca_Barros\corrida_fragpipe_28022023\fragpipe_amanda_28022023\CONTROL_02\interact-OB_CONTROLE_20121128_04.pep.xml	SLGSPLSSPVFPRAGFG		F	T	17	2	3793.9285	1674.8682	1674.8682	838.4414	838.4414	1674.8728	838.4437	-0.0046	0.7549	-0.7060	0.03117000000000	18.5250	0.0000	0.9848	0	0	25	41	6259031.5			true	sp|P31001|DESM_MOUSE	P31001	DESM_MOUSE	Des	Desmin		
OB_CONTROLE_20121128_04.05446.05446.2	N:\BC_Bianca_Barros\corrida_fragpipe_28022023\fragpipe_amanda_28022023\CONTROL_02\interact-OB_CONTROLE_20121128_04.pep.xml	STAAGVAVGSAVGHVMGSALTSA		A	F	23	2	3805.7473	1999.9933	1999.9933	1001.0039	1001.0039	1999.9996	1001.0071	-0.0063	0.2502	-0.7120	0.00012130000000	20.6880	10.8690	0.9908	0	0	46	68	3686423.5			true	tr|Q7TNL9|Q7TNL9_MOUSE	Q7TNL9	Q7TNL9_MOUSE	Chchd10	Coiled-coil-helix-coiled-coil-helix domain-containing 10		
OB_CONTROLE_20121128_04.05451.05451.2	N:\BC_Bianca_Barros\corrida_fragpipe_28022023\fragpipe_amanda_28022023\CONTROL_02\interact-OB_CONTROLE_20121128_04.pep.xml	VEGSLLLGSVQGY		E	M	13	2	3808.0639	1320.6890	1320.6890	661.3518	661.3518	1320.6924	661.3535	-0.0034	0.8137	-0.6976	0.00001268000000	30.4720	13.9410	0.9987	0	0	23	35	5262332.0			true	sp|P33622|APOC3_MOUSE	P33622	APOC3_MOUSE	Apoc3	Apolipoprotein C-III		
OB_CONTROLE_20121128_04.05458.05458.2	N:\BC_Bianca_Barros\corrida_fragpipe_28022023\fragpipe_amanda_28022023\CONTROL_02\interact-OB_CONTROLE_20121128_04.pep.xml	NDSFGGGSLTALPV		M	I	14	2	3810.9560	1333.6478	1333.6478	667.8312	667.8312	1333.6512	667.8329	-0.0034	0.5382	-0.6718	0.00772300000000	24.2950	15.4740	0.9924	0	0	356	369	4.4879684E7			true	sp|Q03265|ATPA_MOUSE	Q03265	ATPA_MOUSE	Atp5f1a	ATP synthase subunit alpha, mitochondrial		
OB_CONTROLE_20121128_04.05509.05509.2	N:\BC_Bianca_Barros\corrida_fragpipe_28022023\fragpipe_amanda_28022023\CONTROL_02\interact-OB_CONTROLE_20121128_04.pep.xml	DAGAGIALNDNFVKL		F	I	15	2	3831.6312	1516.7822	1516.7822	759.3984	759.3984	1516.7885	759.4015	-0.0062	0.7644	-0.6667	0.00001008000000	22.1080	0.0000	0.9957	0	0	294	308	2.2089882E7			false	sp|P16858|G3P_MOUSE	P16858	G3P_MOUSE	Gapdh	Glyceraldehyde-3-phosphate dehydrogenase	Gm10358, Gm3839	tr|A0A1D5RLD8|A0A1D5RLD8_MOUSE, tr|S4R1W1|S4R1W1_MOUSE
OB_CONTROLE_20121128_04.05513.05513.2	N:\BC_Bianca_Barros\corrida_fragpipe_28022023\fragpipe_amanda_28022023\CONTROL_02\interact-OB_CONTROLE_20121128_04.pep.xml	SLNLRETNLESLPL		S	V	14	2	3833.6490	1597.8611	1597.8611	799.9378	799.9378	1597.8674	799.9410	-0.0063	0.7876	-0.6808	0.03645000000000	20.6870	12.8170	0.9946	0	0	420	433	8452318.0			true	sp|P20152|VIME_MOUSE	P20152	VIME_MOUSE	Vim	Vimentin		
OB_CONTROLE_20121128_04.05516.05516.2	N:\BC_Bianca_Barros\corrida_fragpipe_28022023\fragpipe_amanda_28022023\CONTROL_02\interact-OB_CONTROLE_20121128_04.pep.xml	NDPVFETLRVGVIM	NDPVFETLRVGVIM[147]	R	A	14	2	3834.5689	1604.8168	1604.8168	803.4157	803.4157	1604.8231	803.4188	-0.0063	0.6962	-0.1844	0.00004438000000	19.1370	8.9180	0.9860	0	0	169	182	2711614.5	14M(15.9949)		true	sp|Q8BZ71|STAC3_MOUSE	Q8BZ71	STAC3_MOUSE	Stac3	SH3 and cysteine-rich domain-containing protein 3		
OB_CONTROLE_20121128_04.05588.05588.2	N:\BC_Bianca_Barros\corrida_fragpipe_28022023\fragpipe_amanda_28022023\CONTROL_02\interact-OB_CONTROLE_20121128_04.pep.xml	RLLWENGNLL		F	R	10	2	3864.0800	1226.6736	1226.6736	614.3441	614.3441	1226.6771	614.3458	-0.0035	0.5658	-0.6864	0.00064270000000	16.8790	10.5110	0.9881	0	0	1310	1319	5301526.0			true	sp|P01027|CO3_MOUSE	P01027	CO3_MOUSE	C3	Complement C3		
OB_CONTROLE_20121128_04.05628.05628.3	N:\BC_Bianca_Barros\corrida_fragpipe_28022023\fragpipe_amanda_28022023\CONTROL_02\interact-OB_CONTROLE_20121128_04.pep.xml	GLSVPNVHGALAPLAIPSAAAAAAASR		A	I	27	3	3881.5926	2452.3477	2452.3477	818.4565	818.4565	2452.3550	818.4589	-0.0073	0.8216	-0.7556	0.00046400000000	27.5220	8.2420	0.9991	0	0	323	349	2.1339256E7			true	sp|P17225|PTBP1_MOUSE	P17225	PTBP1_MOUSE	Ptbp1	Polypyrimidine tract-binding protein 1		
OB_CONTROLE_20121128_04.05636.05636.2	N:\BC_Bianca_Barros\corrida_fragpipe_28022023\fragpipe_amanda_28022023\CONTROL_02\interact-OB_CONTROLE_20121128_04.pep.xml	TGILDSIGRF		D	F	10	2	3884.6470	1077.5778	1077.5778	539.7962	539.7962	1077.5818	539.7982	-0.0040	0.8531	-0.7683	0.01243000000000	22.0710	14.9800	0.9946	0	0	167	176	9727546.0			true	sp|P04370|MBP_MOUSE	P04370	MBP_MOUSE	Mbp	Myelin basic protein		
OB_CONTROLE_20121128_04.05671.05671.2	N:\BC_Bianca_Barros\corrida_fragpipe_28022023\fragpipe_amanda_28022023\CONTROL_02\interact-OB_CONTROLE_20121128_04.pep.xml	FGDSALSEGNPGILAV		W	S	16	2	3899.0684	1545.7618	1545.7618	773.8882	773.8882	1545.7673	773.8909	-0.0054	0.7726	-0.6560	0.00027530000000	19.2460	9.6270	0.9960	0	0	208	223	4584846.0			true	sp|Q8CIB5|FERM2_MOUSE	Q8CIB5	FERM2_MOUSE	Fermt2	Fermitin family homolog 2		
OB_CONTROLE_20121128_04.05679.05679.2	N:\BC_Bianca_Barros\corrida_fragpipe_28022023\fragpipe_amanda_28022023\CONTROL_02\interact-OB_CONTROLE_20121128_04.pep.xml	ATTFLQTSSTFGGSS	n[43]ATTFLQTSSTFGGSS	M	T	15	2	3902.2744	1532.6936	1532.6936	767.3541	767.3541	1532.6995	767.3570	-0.0058	0.8904	-0.5985	0.00000003062000	34.3360	0.0000	0.9993	0	0	2	16	1.1855904E7	N-term(42.0106)		true	sp|Q61414|K1C15_MOUSE	Q61414	K1C15_MOUSE	Krt15	Keratin, type I cytoskeletal 15		
OB_CONTROLE_20121128_04.05687.05687.2	N:\BC_Bianca_Barros\corrida_fragpipe_28022023\fragpipe_amanda_28022023\CONTROL_02\interact-OB_CONTROLE_20121128_04.pep.xml	ATTFLQTSSTFGGSST	n[43]ATTFLQTSSTFGGSST	M	R	16	2	3905.9147	1633.7391	1633.7391	817.8768	817.8768	1633.7472	817.8809	-0.0080	0.7555	-0.6060	0.00000289500000	30.1540	16.0160	0.9979	0	0	2	17	2200644.8	N-term(42.0106)		true	sp|Q61414|K1C15_MOUSE	Q61414	K1C15_MOUSE	Krt15	Keratin, type I cytoskeletal 15		
OB_CONTROLE_20121128_04.05691.05691.2	N:\BC_Bianca_Barros\corrida_fragpipe_28022023\fragpipe_amanda_28022023\CONTROL_02\interact-OB_CONTROLE_20121128_04.pep.xml	FDVELLKLE		V	-	9	2	3908.1507	1104.6025	1104.6025	553.3085	553.3085	1104.6066	553.3106	-0.0040	0.9186	-0.6666	0.00020690000000	29.6280	15.9840	0.9964	0	0	100	108	1.4619943E7			true	sp|P26883|FKB1A_MOUSE	P26883	FKB1A_MOUSE	Fkbp1a	Peptidyl-prolyl cis-trans isomerase FKBP1A		
OB_CONTROLE_20121128_04.05731.05731.2	N:\BC_Bianca_Barros\corrida_fragpipe_28022023\fragpipe_amanda_28022023\CONTROL_02\interact-OB_CONTROLE_20121128_04.pep.xml	HLQSENGVLGLGPYPL		V	K	16	2	3924.0375	1692.8766	1692.8766	847.4456	847.4456	1692.8834	847.4490	-0.0068	0.8252	-0.4927	0.00050130000000	21.9490	14.3190	0.9950	0	0	340	355	1810899.2			true	sp|Q9D0K2|SCOT1_MOUSE	Q9D0K2	SCOT1_MOUSE	Oxct1	Succinyl-CoA:3-ketoacid coenzyme A transferase 1, mitochondrial		
OB_CONTROLE_20121128_04.05743.05743.2	N:\BC_Bianca_Barros\corrida_fragpipe_28022023\fragpipe_amanda_28022023\CONTROL_02\interact-OB_CONTROLE_20121128_04.pep.xml	GEVAGGAAPGPPRSGLVSII	n[43]GEVAGGAAPGPPRSGLVSII	M	I	20	2	3929.1035	1845.9894	1845.9894	924.0020	924.0020	1845.9948	924.0047	-0.0053	0.7092	-0.7337	0.00000087630000	29.2320	9.6940	0.9989	0	0	2	21	9132195.0	N-term(42.0106)		true	sp|Q61210|ARHG1_MOUSE	Q61210	ARHG1_MOUSE	Arhgef1	Rho guanine nucleotide exchange factor 1		
OB_CONTROLE_20121128_04.05754.05754.2	N:\BC_Bianca_Barros\corrida_fragpipe_28022023\fragpipe_amanda_28022023\CONTROL_02\interact-OB_CONTROLE_20121128_04.pep.xml	FGGAPGFSLGSPLS		T	S	14	2	3934.1332	1293.6311	1293.6311	647.8228	647.8228	1292.6400	647.3273	0.9910	0.8203	-0.7305	0.00844500000000	17.3380	12.4030	0.9939	0	0	18	31	0			true	sp|P31001|DESM_MOUSE	P31001	DESM_MOUSE	Des	Desmin		
OB_CONTROLE_20121128_04.05766.05766.2	N:\BC_Bianca_Barros\corrida_fragpipe_28022023\fragpipe_amanda_28022023\CONTROL_02\interact-OB_CONTROLE_20121128_04.pep.xml	MDGIVPDIAVGTK	n[43]MDGIVPDIAVGTK	-	R	13	2	3938.6163	1356.6877	1356.6877	679.3511	679.3511	1356.6959	679.3552	-0.0081	0.7707	-0.4381	1.71200000000000	12.5660	0.0000	0.9848	0	0	1	13	8352501.0	N-term(42.0106)		true	sp|P17225|PTBP1_MOUSE	P17225	PTBP1_MOUSE	Ptbp1	Polypyrimidine tract-binding protein 1		
OB_CONTROLE_20121128_04.05812.05812.3	N:\BC_Bianca_Barros\corrida_fragpipe_28022023\fragpipe_amanda_28022023\CONTROL_02\interact-OB_CONTROLE_20121128_04.pep.xml	SATTFRLLWENGNLLR		S	S	16	3	3958.1693	1890.0063	1890.0063	631.0094	631.0094	1890.0111	631.0110	-0.0047	0.9305	-0.5283	0.00000002142000	25.5730	12.3540	0.9993	0	0	1305	1320	2.1526908E7			true	sp|P01027|CO3_MOUSE	P01027	CO3_MOUSE	C3	Complement C3		
OB_CONTROLE_20121128_04.05814.05814.2	N:\BC_Bianca_Barros\corrida_fragpipe_28022023\fragpipe_amanda_28022023\CONTROL_02\interact-OB_CONTROLE_20121128_04.pep.xml	TFGGAPGFSLGSPLS		R	S	15	2	3958.7750	1393.6841	1393.6841	697.8493	697.8493	1393.6876	697.8511	-0.0035	0.8022	-0.6372	0.00045210000000	18.4470	0.0000	0.9936	0	0	17	31	5749759.5			true	sp|P31001|DESM_MOUSE	P31001	DESM_MOUSE	Des	Desmin		
OB_CONTROLE_20121128_04.05828.05828.2	N:\BC_Bianca_Barros\corrida_fragpipe_28022023\fragpipe_amanda_28022023\CONTROL_02\interact-OB_CONTROLE_20121128_04.pep.xml	SSVAVLTQESF	n[43]SSVAVLTQESF	M	A	11	2	3964.5938	1208.5875	1208.5875	605.3010	605.3010	1208.5924	605.3035	-0.0048	0.7984	-0.4812	0.00000839600000	31.3740	15.6730	0.9979	0	0	2	12	3.7215628E7	N-term(42.0106)		true	sp|Q8VDJ3|VIGLN_MOUSE	Q8VDJ3	VIGLN_MOUSE	Hdlbp	Vigilin		
OB_CONTROLE_20121128_04.05887.05887.2	N:\BC_Bianca_Barros\corrida_fragpipe_28022023\fragpipe_amanda_28022023\CONTROL_02\interact-OB_CONTROLE_20121128_04.pep.xml	SSVAVLTQESF	n[43]SSVAVLTQESF	M	A	11	2	3990.5703	1208.5897	1208.5897	605.3021	605.3021	1208.5924	605.3035	-0.0026	0.8012	-0.4932	0.00000048460000	31.4330	14.2960	0.9985	0	0	2	12	3.7215628E7	N-term(42.0106)		true	sp|Q8VDJ3|VIGLN_MOUSE	Q8VDJ3	VIGLN_MOUSE	Hdlbp	Vigilin		
OB_CONTROLE_20121128_04.05898.05898.2	N:\BC_Bianca_Barros\corrida_fragpipe_28022023\fragpipe_amanda_28022023\CONTROL_02\interact-OB_CONTROLE_20121128_04.pep.xml	MLLSVTSRPGIST	n[43]MLLSVTSRPGIST	-	F	13	2	3994.5049	1402.7465	1402.7465	702.3805	702.3805	1402.7490	702.3818	-0.0025	0.5846	-0.7212	0.12230000000000	16.1510	0.0000	0.9799	0	0	1	13	3045093.8	N-term(42.0106)		true	sp|Q8VC70|RBMS2_MOUSE	Q8VC70	RBMS2_MOUSE	Rbms2	RNA-binding motif, single-stranded-interacting protein 2		
OB_CONTROLE_20121128_04.05922.05922.2	N:\BC_Bianca_Barros\corrida_fragpipe_28022023\fragpipe_amanda_28022023\CONTROL_02\interact-OB_CONTROLE_20121128_04.pep.xml	ADSFSLNDALA	n[43]ADSFSLNDALA	M	G	11	2	4004.9231	1164.5261	1164.5261	583.2703	583.2703	1164.5298	583.2722	-0.0036	0.7111	-0.4972	0.00049530000000	25.4860	11.7990	0.9914	0	0	2	12	1.0507758E7	N-term(42.0106)		true	sp|P16110|LEG3_MOUSE	P16110	LEG3_MOUSE	Lgals3	Galectin-3		
OB_CONTROLE_20121128_04.05993.05993.2	N:\BC_Bianca_Barros\corrida_fragpipe_28022023\fragpipe_amanda_28022023\CONTROL_02\interact-OB_CONTROLE_20121128_04.pep.xml	ASGVAVSDGVIKVF	n[43]ASGVAVSDGVIKVF	M	N	14	2	4036.0516	1389.7452	1389.7452	695.8799	695.8799	1389.7504	695.8825	-0.0051	0.7436	-0.7641	0.00002146000000	26.9630	13.9050	0.9978	0	0	2	15	2.4425152E8	N-term(42.0106)		true	sp|P18760|COF1_MOUSE	P18760	COF1_MOUSE	Cfl1	Cofilin-1		
OB_CONTROLE_20121128_04.06055.06055.2	N:\BC_Bianca_Barros\corrida_fragpipe_28022023\fragpipe_amanda_28022023\CONTROL_02\interact-OB_CONTROLE_20121128_04.pep.xml	ASGVAVSDGVIKVF	n[43]ASGVAVSDGVIKVF	M	N	14	2	4061.9903	1389.7455	1389.7455	695.8800	695.8800	1389.7504	695.8825	-0.0048	0.8418	-0.7490	0.00000000008083	40.3080	12.4860	0.9999	0	0	2	15	2.44005248E8	N-term(42.0106)		true	sp|P18760|COF1_MOUSE	P18760	COF1_MOUSE	Cfl1	Cofilin-1		
OB_CONTROLE_20121128_04.06087.06087.2	N:\BC_Bianca_Barros\corrida_fragpipe_28022023\fragpipe_amanda_28022023\CONTROL_02\interact-OB_CONTROLE_20121128_04.pep.xml	AAAAVVEFQRAQSL	n[43]AAAAVVEFQRAQSL	M	L	14	2	4075.3098	1501.7843	1501.7843	751.8994	751.8994	1501.7888	751.9017	-0.0045	0.8253	-0.2501	0.00000000257200	38.3920	12.3240	0.9993	0	0	2	15	3170116.0	N-term(42.0106)		true	sp|Q8BG32|PSD11_MOUSE	Q8BG32	PSD11_MOUSE	Psmd11	26S proteasome non-ATPase regulatory subunit 11		
OB_CONTROLE_20121128_04.06107.06107.2	N:\BC_Bianca_Barros\corrida_fragpipe_28022023\fragpipe_amanda_28022023\CONTROL_02\interact-OB_CONTROLE_20121128_04.pep.xml	ADSDLLALMTGKMNPQSA		M	F	18	2	4083.5083	1861.8838	1861.8838	931.9492	931.9492	1861.8914	931.9530	-0.0075	0.8881	-0.7643	0.00000329400000	31.4550	11.7250	0.9991	0	0	500	517	4921148.0			true	sp|P32020|SCP2_MOUSE	P32020	SCP2_MOUSE	Scp2	Sterol carrier protein 2		
OB_CONTROLE_20121128_04.06244.06244.2	N:\BC_Bianca_Barros\corrida_fragpipe_28022023\fragpipe_amanda_28022023\CONTROL_02\interact-OB_CONTROLE_20121128_04.pep.xml	QSENGVLGLGPYPL		L	K	14	2	4156.6877	1442.7408	1442.7408	722.3777	722.3777	1442.7405	722.3775	0.0003	0.8303	-0.5705	0.00353700000000	16.1600	0.0000	0.9826	0	0	342	355	0			true	sp|Q9D0K2|SCOT1_MOUSE	Q9D0K2	SCOT1_MOUSE	Oxct1	Succinyl-CoA:3-ketoacid coenzyme A transferase 1, mitochondrial		
OB_CONTROLE_20121128_04.06319.06319.2	N:\BC_Bianca_Barros\corrida_fragpipe_28022023\fragpipe_amanda_28022023\CONTROL_02\interact-OB_CONTROLE_20121128_04.pep.xml	TFGGAPGFSLGSPLSSPVFPR		R	A	21	2	4188.6765	2077.0586	2077.0586	1039.5366	1039.5366	2077.0632	1039.5389	-0.0046	0.7041	-0.7422	0.01095000000000	15.3420	0.0000	0.9951	0	0	17	37	1.04848216E8			true	sp|P31001|DESM_MOUSE	P31001	DESM_MOUSE	Des	Desmin		
OB_CONTROLE_20121128_04.06376.06376.2	N:\BC_Bianca_Barros\corrida_fragpipe_28022023\fragpipe_amanda_28022023\CONTROL_02\interact-OB_CONTROLE_20121128_04.pep.xml	ATTFLQTSSTF	n[43]ATTFLQTSSTF	M	G	11	2	4213.5457	1244.5828	1244.5828	623.2987	623.2987	1244.5924	623.3035	-0.0096	0.6677	-0.6357	0.12230000000000	16.1500	0.0000	0.9874	0	0	2	12	4293639.0	N-term(42.0106)		true	sp|Q61414|K1C15_MOUSE	Q61414	K1C15_MOUSE	Krt15	Keratin, type I cytoskeletal 15		
OB_CONTROLE_20121128_04.06465.06465.2	N:\BC_Bianca_Barros\corrida_fragpipe_28022023\fragpipe_amanda_28022023\CONTROL_02\interact-OB_CONTROLE_20121128_04.pep.xml	SPSTTVVPGAIISGQPPSFRQPL		Y	V	23	2	4253.5336	2336.2350	2336.2350	1169.1248	1169.1248	2335.2534	1168.6340	0.9816	0.9301	0.2052	0.00000084500000	34.0490	10.7820	0.9916	0	0	517	539	0			true	sp|P98078|DAB2_MOUSE	P98078	DAB2_MOUSE	Dab2	Disabled homolog 2		
OB_CONTROLE_20121128_04.06495.06495.2	N:\BC_Bianca_Barros\corrida_fragpipe_28022023\fragpipe_amanda_28022023\CONTROL_02\interact-OB_CONTROLE_20121128_04.pep.xml	HDNFGIVEGLMTTV		I	H	14	2	4267.2401	1531.7278	1531.7278	766.8712	766.8712	1531.7340	766.8743	-0.0062	0.7755	-0.7273	0.00001236000000	28.2170	14.1940	0.9968	0	0	163	176	7788656.0			false	sp|P16858|G3P_MOUSE	P16858	G3P_MOUSE	Gapdh	Glyceraldehyde-3-phosphate dehydrogenase	Gm10358, Gm3839	tr|A0A1D5RLD8|A0A1D5RLD8_MOUSE, tr|S4R1W1|S4R1W1_MOUSE
OB_CONTROLE_20121128_04.06661.06661.2	N:\BC_Bianca_Barros\corrida_fragpipe_28022023\fragpipe_amanda_28022023\CONTROL_02\interact-OB_CONTROLE_20121128_04.pep.xml	SEPIRVLVTGAAGQIAY	n[43]SEPIRVLVTGAAGQIAY	M	S	17	2	4349.7857	1785.9562	1785.9562	893.9854	893.9854	1785.9624	893.9885	-0.0062	0.7197	-0.6922	0.00756400000000	19.9850	0.0000	0.9943	0	0	2	18	0	N-term(42.0106)		true	sp|P14152|MDHC_MOUSE	P14152	MDHC_MOUSE	Mdh1	Malate dehydrogenase, cytoplasmic		
OB_CONTROLE_20121128_04.06743.06743.3	N:\BC_Bianca_Barros\corrida_fragpipe_28022023\fragpipe_amanda_28022023\CONTROL_02\interact-OB_CONTROLE_20121128_04.pep.xml	SYPGYPPTGYPPFPGYPPAGQESSFPTA	n[43]SYPGYPPTGYPPFPGYPPAGQESSFPTA	M	G	28	3	4385.4355	2972.3374	2972.3374	991.7864	991.7864	2970.3386	991.1201	1.9987	0.8544	-0.5400	0.00137800000000	19.9640	0.0000	0.9913	0	0	2	29	0	N-term(42.0106)		true	sp|Q07076|ANXA7_MOUSE	Q07076	ANXA7_MOUSE	Anxa7	Annexin A7		
OB_CONTROLE_20121128_04.06930.06930.2	N:\BC_Bianca_Barros\corrida_fragpipe_28022023\fragpipe_amanda_28022023\CONTROL_02\interact-OB_CONTROLE_20121128_04.pep.xml	GGAPGFSLGSPLSSPVFP		F	R	18	2	4475.1005	1672.8408	1672.8408	837.4277	837.4277	1672.8460	837.4303	-0.0051	0.8870	-0.6723	0.00000000000007	49.3300	12.5710	0.9999	0	0	19	36	1.2710324E7			true	sp|P31001|DESM_MOUSE	P31001	DESM_MOUSE	Des	Desmin		
OB_CONTROLE_20121128_04.06932.06932.2	N:\BC_Bianca_Barros\corrida_fragpipe_28022023\fragpipe_amanda_28022023\CONTROL_02\interact-OB_CONTROLE_20121128_04.pep.xml	GFSLGSPLSSPVFP		P	R	14	2	4476.1330	1390.7035	1390.7035	696.3590	696.3590	1390.7131	696.3638	-0.0096	0.5731	-0.7098	0.33380000000000	15.4060	12.6240	0.9788	0	0	23	36	7816163.5			true	sp|P31001|DESM_MOUSE	P31001	DESM_MOUSE	Des	Desmin		
OB_CONTROLE_20121128_04.06951.06951.2	N:\BC_Bianca_Barros\corrida_fragpipe_28022023\fragpipe_amanda_28022023\CONTROL_02\interact-OB_CONTROLE_20121128_04.pep.xml	ADSDLLALMTGKMNPQSAF		M	F	19	2	4485.1184	2008.9489	2008.9489	1005.4817	1005.4817	2008.9597	1005.4871	-0.0108	0.5808	-0.6105	1.27400000000000	10.0790	0.0000	0.9792	0	0	500	518	2042854.0			true	sp|P32020|SCP2_MOUSE	P32020	SCP2_MOUSE	Scp2	Sterol carrier protein 2		
OB_CONTROLE_20121128_04.06958.06958.2	N:\BC_Bianca_Barros\corrida_fragpipe_28022023\fragpipe_amanda_28022023\CONTROL_02\interact-OB_CONTROLE_20121128_04.pep.xml	SYGAGELLDFSLADAVN		P	Q	17	2	4488.1299	1740.8124	1740.8124	871.4135	871.4135	1740.8206	871.4176	-0.0081	0.5946	-0.3571	0.00000470000000	25.9650	10.8990	0.9976	0	0	81	97	8096701.0			true	sp|P31001|DESM_MOUSE	P31001	DESM_MOUSE	Des	Desmin		
OB_CONTROLE_20121128_04.06965.06965.2	N:\BC_Bianca_Barros\corrida_fragpipe_28022023\fragpipe_amanda_28022023\CONTROL_02\interact-OB_CONTROLE_20121128_04.pep.xml	GAPGFSLGSPLSSPVFP		G	R	17	2	4491.1055	1616.8223	1616.8223	809.4184	809.4184	1615.8245	808.9195	0.9978	0.8031	-0.7058	0.00052410000000	19.6430	11.7420	0.9931	0	0	20	36	0			true	sp|P31001|DESM_MOUSE	P31001	DESM_MOUSE	Des	Desmin		
OB_CONTROLE_20121128_04.07013.07013.2	N:\BC_Bianca_Barros\corrida_fragpipe_28022023\fragpipe_amanda_28022023\CONTROL_02\interact-OB_CONTROLE_20121128_04.pep.xml	APSYGAGELLDFSLADAVN		R	Q	19	2	4514.2112	1909.9058	1909.9058	955.9602	955.9602	1908.9104	955.4625	0.9953	0.6289	-0.3696	0.00075750000000	20.1300	7.6250	0.9822	0	0	79	97	0			true	sp|P31001|DESM_MOUSE	P31001	DESM_MOUSE	Des	Desmin		
OB_CONTROLE_20121128_04.07388.07388.3	N:\BC_Bianca_Barros\corrida_fragpipe_28022023\fragpipe_amanda_28022023\CONTROL_02\interact-OB_CONTROLE_20121128_04.pep.xml	AEAAAPGTTATTSGAGAAAAAVAAASLTSIPTVA	n[43]AEAAAPGTTATTSGAGAAAAAVAAASLTSIPTVA	M	A	34	3	4723.2139	2912.4714	2912.4714	971.8311	971.8311	2911.4773	971.4997	0.9941	0.7805	-0.4501	0.03887000000000	14.1600	0.0000	0.9937	0	0	2	35	0	N-term(42.0106)		true	sp|Q9QXP6|MKRN1_MOUSE	Q9QXP6	MKRN1_MOUSE	Mkrn1	E3 ubiquitin-protein ligase makorin-1		
OB_CONTROLE_20121128_04.07389.07389.3	N:\BC_Bianca_Barros\corrida_fragpipe_28022023\fragpipe_amanda_28022023\CONTROL_02\interact-OB_CONTROLE_20121128_04.pep.xml	YIPPGFPGPPGPPGFPAPPGPPGFPAPPGPPL		Q	A	32	3	4723.7208	3039.5580	3039.5580	1014.1933	1014.1933	3039.5686	1014.1968	-0.0105	0.6946	-0.7360	0.03087000000000	18.5420	0.0000	0.9953	0	0	660	691	0			true	sp|A6X935|ITIH4_MOUSE	A6X935	ITIH4_MOUSE	Itih4	Inter alpha-trypsin inhibitor, heavy chain 4		
OB_CONTROLE_20121128_04.07621.07621.2	N:\BC_Bianca_Barros\corrida_fragpipe_28022023\fragpipe_amanda_28022023\CONTROL_02\interact-OB_CONTROLE_20121128_04.pep.xml	SDGNSYGVPDDLLYSFPVV		I	I	19	2	4855.5512	2044.9431	2044.9431	1023.4788	1023.4788	2042.9471	1022.4808	1.9959	0.8288	-0.6796	0.00076740000000	13.9600	0.0000	0.9905	0	0	273	291	0			true	sp|P14152|MDHC_MOUSE	P14152	MDHC_MOUSE	Mdh1	Malate dehydrogenase, cytoplasmic		
